[debug] [2026-09-22T16:21:14.950Z] ----------------------------------------------------------------------
[debug] [2026-09-22T16:21:14.953Z] Command:       C:\Users\Abolarinwa\AppData\Local\Microsoft\WinGet\Packages\OpenJS.NodeJS.LTS_Microsoft.Winget.Source_8wekyb3d8bbwe\node-v24.18.0-win-x64\node.exe C:\Users\Abolarinwa\AppData\Local\Microsoft\WinGet\Packages\OpenJS.NodeJS.LTS_Microsoft.Winget.Source_8wekyb3d8bbwe\node-v24.18.0-win-x64\node_modules\firebase-tools\lib\bin\firebase.js experiments:enable webframeworks
[debug] [2026-09-22T16:21:14.954Z] CLI Version:   15.30.2
[debug] [2026-09-22T16:21:14.954Z] Platform:      win32
[debug] [2026-09-22T16:21:14.954Z] Node Version:  v24.18.0
[debug] [2026-09-22T16:21:14.954Z] Detected Agent: antigravity
[debug] [2026-09-22T16:21:14.954Z] Time:          Tue Sep 22 2026 17:21:14 GMT+0100 (West Africa Time)
[debug] [2026-09-22T16:21:14.954Z] ----------------------------------------------------------------------
[debug] 
[info] Enabled experiment webframeworks
[debug] [2026-09-22T16:21:20.869Z] Error: Timed out.
    at Timeout.<anonymous> (C:\Users\Abolarinwa\AppData\Local\Microsoft\WinGet\Packages\OpenJS.NodeJS.LTS_Microsoft.Winget.Source_8wekyb3d8bbwe\node-v24.18.0-win-x64\node_modules\firebase-tools\lib\utils.js:299:49)
    at listOnTimeout (node:internal/timers:605:17)
    at process.processTimers (node:internal/timers:541:7)
[error] 
[error] Error: An unexpected error has occurred.
[debug] [2026-09-22T16:25:51.766Z] ----------------------------------------------------------------------
[debug] [2026-09-22T16:25:51.770Z] Command:       C:\Users\Abolarinwa\AppData\Local\Microsoft\WinGet\Packages\OpenJS.NodeJS.LTS_Microsoft.Winget.Source_8wekyb3d8bbwe\node-v24.18.0-win-x64\node.exe C:\Users\Abolarinwa\AppData\Local\Microsoft\WinGet\Packages\OpenJS.NodeJS.LTS_Microsoft.Winget.Source_8wekyb3d8bbwe\node-v24.18.0-win-x64\node_modules\firebase-tools\lib\bin\firebase.js deploy --project osvid-9d4d6
[debug] [2026-09-22T16:25:51.770Z] CLI Version:   15.30.2
[debug] [2026-09-22T16:25:51.770Z] Platform:      win32
[debug] [2026-09-22T16:25:51.771Z] Node Version:  v24.18.0
[debug] [2026-09-22T16:25:51.771Z] Detected Agent: antigravity
[debug] [2026-09-22T16:25:51.771Z] Time:          Tue Sep 22 2026 17:25:51 GMT+0100 (West Africa Time)
[debug] [2026-09-22T16:25:51.771Z] ----------------------------------------------------------------------
[debug] 
[debug] [2026-09-22T16:26:40.071Z] > command requires scopes: ["email","openid","https://www.googleapis.com/auth/cloudplatformprojects.readonly","https://www.googleapis.com/auth/firebase","https://www.googleapis.com/auth/cloud-platform"]
[debug] [2026-09-22T16:26:40.072Z] > authorizing via signed-in user (abolarinwaemmanuelfree@gmail.com)
[debug] [2026-09-22T16:26:40.072Z] [iam] checking project osvid-9d4d6 for permissions ["firebase.projects.get","firebasehosting.sites.update"]
[debug] [2026-09-22T16:26:40.088Z] Checked if tokens are valid: true, expires at: 1790097642088
[debug] [2026-09-22T16:26:40.088Z] Checked if tokens are valid: true, expires at: 1790097642088
[debug] [2026-09-22T16:26:40.090Z] >>> [apiv2][query] POST https://cloudresourcemanager.googleapis.com/v1/projects/osvid-9d4d6:testIamPermissions [none]
[debug] [2026-09-22T16:26:40.090Z] >>> [apiv2][(partial)header] POST https://cloudresourcemanager.googleapis.com/v1/projects/osvid-9d4d6:testIamPermissions  x-goog-user-project=osvid-9d4d6
[debug] [2026-09-22T16:26:40.090Z] >>> [apiv2][body] POST https://cloudresourcemanager.googleapis.com/v1/projects/osvid-9d4d6:testIamPermissions {"permissions":["firebase.projects.get","firebasehosting.sites.update"]}
[debug] [2026-09-22T16:26:41.491Z] <<< [apiv2][status] POST https://cloudresourcemanager.googleapis.com/v1/projects/osvid-9d4d6:testIamPermissions 200
[debug] [2026-09-22T16:26:41.491Z] <<< [apiv2][body] POST https://cloudresourcemanager.googleapis.com/v1/projects/osvid-9d4d6:testIamPermissions {"permissions":["firebase.projects.get","firebasehosting.sites.update"]}
[debug] [2026-09-22T16:26:41.492Z] Checked if tokens are valid: true, expires at: 1790097642088
[debug] [2026-09-22T16:26:41.492Z] Checked if tokens are valid: true, expires at: 1790097642088
[debug] [2026-09-22T16:26:41.492Z] >>> [apiv2][query] GET https://firebase.googleapis.com/v1beta1/projects/osvid-9d4d6 [none]
[debug] [2026-09-22T16:26:42.584Z] <<< [apiv2][status] GET https://firebase.googleapis.com/v1beta1/projects/osvid-9d4d6 200
[debug] [2026-09-22T16:26:42.585Z] <<< [apiv2][body] GET https://firebase.googleapis.com/v1beta1/projects/osvid-9d4d6 {"projectId":"osvid-9d4d6","projectNumber":"953662513555","displayName":"osvid","name":"projects/osvid-9d4d6","resources":{"hostingSite":"osvid-9d4d6"},"state":"ACTIVE","labels":{"firebase":"enabled"},"etag":"1_72e8625d-c3e0-4358-82e3-d2c3cdece371"}
[info] 
   Thank you for trying our early preview of Next.js support on Firebase Hosting.
   During the preview, support is best-effort and breaking changes can be expected. Proceed with caution.
   The integration is known to work with Next.js version 12 - 16.0. You may encounter errors.

   Documentation: https://firebase.google.com/docs/hosting/frameworks/nextjs
   File a bug: https://github.com/firebase/firebase-tools/issues/new?template=bug_report.md
   Submit a feature request: https://github.com/firebase/firebase-tools/issues/new?template=feature_request.md

   We'd love to learn from you. Express your interest in helping us shape the future of Firebase Hosting: https://goo.gle/41enW5X

[debug] [2026-09-22T16:26:54.638Z] Checked if tokens are valid: true, expires at: 1790097642088
[debug] [2026-09-22T16:26:54.639Z] Checked if tokens are valid: true, expires at: 1790097642088
[debug] [2026-09-22T16:26:54.639Z] >>> [apiv2][query] GET https://firebasehosting.googleapis.com/v1beta1/projects/osvid-9d4d6/sites/osvid-9d4d6 [none]
[debug] [2026-09-22T16:26:56.373Z] <<< [apiv2][status] GET https://firebasehosting.googleapis.com/v1beta1/projects/osvid-9d4d6/sites/osvid-9d4d6 200
[debug] [2026-09-22T16:26:56.373Z] <<< [apiv2][body] GET https://firebasehosting.googleapis.com/v1beta1/projects/osvid-9d4d6/sites/osvid-9d4d6 {"name":"projects/osvid-9d4d6/sites/osvid-9d4d6","defaultUrl":"https://osvid-9d4d6.web.app","type":"DEFAULT_SITE"}
[info] ▲ Next.js 16.2.3 (Turbopack)

[info] - Environments: .env.local


[info] ⚠ The "middleware" file convention is deprecated. Please use "proxy" instead. Learn more: https://nextjs.org/docs/messages/middleware-to-proxy

[info]   Creating an optimized production build ...

[info] ✓ Compiled successfully in 20.1s

[info]   Running TypeScript ...

[info]   Finished TypeScript in 17.5s ...

[info]   Collecting page data using 7 workers ...

[info]   Generating static pages using 7 workers (0/20) ...

[info] ⚠ metadataBase property in metadata export is not set for resolving social open graph or twitter images, using "http://localhost:3000". See https://nextjs.org/docs/app/api-reference/functions/generate-metadata#metadatabase

[info] Error: Dynamic server usage: Route /blog couldn't be rendered statically because it used `cookies`. See more info here: https://nextjs.org/docs/messages/dynamic-server-error
    at y (C:\Users\Abolarinwa\Desktop\Website Work\Contract Work\osvidcompany-web-app-master\.next\server\chunks\ssr\_0scmgy~._.js:1:854608)
    at n (C:\Users\Abolarinwa\Desktop\Website Work\Contract Work\osvidcompany-web-app-master\.next\server\chunks\ssr\_0scmgy~._.js:4:8939)
    at UW (C:\Users\Abolarinwa\Desktop\Website Work\Contract Work\osvidcompany-web-app-master\.next\server\chunks\ssr\_0scmgy~._.js:16:1138396)
    at <unknown> (C:\Users\Abolarinwa\Desktop\Website Work\Contract Work\osvidcompany-web-app-master\.next\server\chunks\ssr\[root-of-the-server]__0ult~z1._.js:1:3778)
    at g (C:\Users\Abolarinwa\Desktop\Website Work\Contract Work\osvidcompany-web-app-master\.next\server\chunks\ssr\[root-of-the-server]__0ult~z1._.js:1:8178) {
  description: "Route /blog couldn't be rendered statically because it used `cookies`. See more info here: https://nextjs.org/docs/messages/dynamic-server-error",
  digest: 'DYNAMIC_SERVER_USAGE'
}

[info] Error: Dynamic server usage: Route /blog couldn't be rendered statically because it used `cookies`. See more info here: https://nextjs.org/docs/messages/dynamic-server-error
    at y (C:\Users\Abolarinwa\Desktop\Website Work\Contract Work\osvidcompany-web-app-master\.next\server\chunks\ssr\_0scmgy~._.js:1:854608)
    at n (C:\Users\Abolarinwa\Desktop\Website Work\Contract Work\osvidcompany-web-app-master\.next\server\chunks\ssr\_0scmgy~._.js:4:8939)
    at UW (C:\Users\Abolarinwa\Desktop\Website Work\Contract Work\osvidcompany-web-app-master\.next\server\chunks\ssr\_0scmgy~._.js:16:1138396)
    at <unknown> (C:\Users\Abolarinwa\Desktop\Website Work\Contract Work\osvidcompany-web-app-master\.next\server\chunks\ssr\[root-of-the-server]__0ult~z1._.js:1:5696)
    at g (C:\Users\Abolarinwa\Desktop\Website Work\Contract Work\osvidcompany-web-app-master\.next\server\chunks\ssr\[root-of-the-server]__0ult~z1._.js:1:8205) {
  description: "Route /blog couldn't be rendered statically because it used `cookies`. See more info here: https://nextjs.org/docs/messages/dynamic-server-error",
  digest: 'DYNAMIC_SERVER_USAGE'
}

[info] Error: Dynamic server usage: Route /blog couldn't be rendered statically because it used `cookies`. See more info here: https://nextjs.org/docs/messages/dynamic-server-error
    at y (C:\Users\Abolarinwa\Desktop\Website Work\Contract Work\osvidcompany-web-app-master\.next\server\chunks\ssr\_0scmgy~._.js:1:854608)
    at n (C:\Users\Abolarinwa\Desktop\Website Work\Contract Work\osvidcompany-web-app-master\.next\server\chunks\ssr\_0scmgy~._.js:4:8939)
    at UW (C:\Users\Abolarinwa\Desktop\Website Work\Contract Work\osvidcompany-web-app-master\.next\server\chunks\ssr\_0scmgy~._.js:16:1138396)
    at <unknown> (C:\Users\Abolarinwa\Desktop\Website Work\Contract Work\osvidcompany-web-app-master\.next\server\chunks\ssr\[root-of-the-server]__0ult~z1._.js:1:6257)
    at g (C:\Users\Abolarinwa\Desktop\Website Work\Contract Work\osvidcompany-web-app-master\.next\server\chunks\ssr\[root-of-the-server]__0ult~z1._.js:1:8232) {
  description: "Route /blog couldn't be rendered statically because it used `cookies`. See more info here: https://nextjs.org/docs/messages/dynamic-server-error",
  digest: 'DYNAMIC_SERVER_USAGE'
}

[info]   Generating static pages using 7 workers (5/20) 

[info] Error fetching blog categories from custom collection: Error: Failed to fetch tokens from OAuth API: Bad Request. request id: null. Response: {"message":"appRuntimeKeys [at index 0] is invalid:\n`-- appId is not a valid GUID","details":{"validationError":{"fieldViolations":[{"field":"appRuntimeKeys[0].appId","description":"is not a valid GUID","violatedRule":"FORMAT","data":{"type":"GUID"}}]}}}
    at eD (C:\Users\Abolarinwa\Desktop\Website Work\Contract Work\osvidcompany-web-app-master\.next\server\chunks\ssr\_0scmgy~._.js:1:243479)
    at async j (C:\Users\Abolarinwa\Desktop\Website Work\Contract Work\osvidcompany-web-app-master\.next\server\chunks\ssr\_0scmgy~._.js:1:244260)
    at async Object.h [as getAuthHeaders] (C:\Users\Abolarinwa\Desktop\Website Work\Contract Work\osvidcompany-web-app-master\.next\server\chunks\ssr\_0scmgy~._.js:1:243944)
    at async p (C:\Users\Abolarinwa\Desktop\Website Work\Contract Work\osvidcompany-web-app-master\.next\server\chunks\ssr\_0scmgy~._.js:1:206001)
    at async Object.request (C:\Users\Abolarinwa\Desktop\Website Work\Contract Work\osvidcompany-web-app-master\.next\server\chunks\ssr\_0scmgy~._.js:1:208336)
    at async qo.execHttpCall (C:\Users\Abolarinwa\Desktop\Website Work\Contract Work\osvidcompany-web-app-master\.next\server\chunks\ssr\_0scmgy~._.js:16:69571)
    at async (C:\Users\Abolarinwa\Desktop\Website Work\Contract Work\osvidcompany-web-app-master\.next\server\chunks\ssr\_0scmgy~._.js:16:39528)
    at async pQ.withErrorHandling (C:\Users\Abolarinwa\Desktop\Website Work\Contract Work\osvidcompany-web-app-master\.next\server\chunks\ssr\_0scmgy~._.js:16:41337)
    at async (C:\Users\Abolarinwa\Desktop\Website Work\Contract Work\osvidcompany-web-app-master\.next\server\chunks\ssr\_0scmgy~._.js:16:58970)

[info] Error fetching recent blog posts (limit 5): Error: Failed to fetch tokens from OAuth API: Bad Request. request id: null. Response: {"message":"appRuntimeKeys [at index 0] is invalid:\n`-- appId is not a valid GUID","details":{"validationError":{"fieldViolations":[{"field":"appRuntimeKeys[0].appId","description":"is not a valid GUID","violatedRule":"FORMAT","data":{"type":"GUID"}}]}}}
    at eD (C:\Users\Abolarinwa\Desktop\Website Work\Contract Work\osvidcompany-web-app-master\.next\server\chunks\ssr\_0scmgy~._.js:1:243479)
    at async j (C:\Users\Abolarinwa\Desktop\Website Work\Contract Work\osvidcompany-web-app-master\.next\server\chunks\ssr\_0scmgy~._.js:1:244260)
    at async Object.h [as getAuthHeaders] (C:\Users\Abolarinwa\Desktop\Website Work\Contract Work\osvidcompany-web-app-master\.next\server\chunks\ssr\_0scmgy~._.js:1:243944)
    at async p (C:\Users\Abolarinwa\Desktop\Website Work\Contract Work\osvidcompany-web-app-master\.next\server\chunks\ssr\_0scmgy~._.js:1:206001)
    at async Object.request (C:\Users\Abolarinwa\Desktop\Website Work\Contract Work\osvidcompany-web-app-master\.next\server\chunks\ssr\_0scmgy~._.js:1:208336)
    at async qo.execHttpCall (C:\Users\Abolarinwa\Desktop\Website Work\Contract Work\osvidcompany-web-app-master\.next\server\chunks\ssr\_0scmgy~._.js:16:69571)
    at async (C:\Users\Abolarinwa\Desktop\Website Work\Contract Work\osvidcompany-web-app-master\.next\server\chunks\ssr\_0scmgy~._.js:16:39528)
    at async pQ.withErrorHandling (C:\Users\Abolarinwa\Desktop\Website Work\Contract Work\osvidcompany-web-app-master\.next\server\chunks\ssr\_0scmgy~._.js:16:41337)
    at async (C:\Users\Abolarinwa\Desktop\Website Work\Contract Work\osvidcompany-web-app-master\.next\server\chunks\ssr\_0scmgy~._.js:16:58970)

[info] Error fetching blog posts: Error: Failed to fetch tokens from OAuth API: Bad Request. request id: null. Response: {"message":"appRuntimeKeys [at index 0] is invalid:\n`-- appId is not a valid GUID","details":{"validationError":{"fieldViolations":[{"field":"appRuntimeKeys[0].appId","description":"is not a valid GUID","violatedRule":"FORMAT","data":{"type":"GUID"}}]}}}
    at eD (C:\Users\Abolarinwa\Desktop\Website Work\Contract Work\osvidcompany-web-app-master\.next\server\chunks\ssr\_0scmgy~._.js:1:243479)
    at async j (C:\Users\Abolarinwa\Desktop\Website Work\Contract Work\osvidcompany-web-app-master\.next\server\chunks\ssr\_0scmgy~._.js:1:244260)
    at async Object.h [as getAuthHeaders] (C:\Users\Abolarinwa\Desktop\Website Work\Contract Work\osvidcompany-web-app-master\.next\server\chunks\ssr\_0scmgy~._.js:1:243944)
    at async p (C:\Users\Abolarinwa\Desktop\Website Work\Contract Work\osvidcompany-web-app-master\.next\server\chunks\ssr\_0scmgy~._.js:1:206001)
    at async Object.request (C:\Users\Abolarinwa\Desktop\Website Work\Contract Work\osvidcompany-web-app-master\.next\server\chunks\ssr\_0scmgy~._.js:1:208336)
    at async qo.execHttpCall (C:\Users\Abolarinwa\Desktop\Website Work\Contract Work\osvidcompany-web-app-master\.next\server\chunks\ssr\_0scmgy~._.js:16:69571)
    at async (C:\Users\Abolarinwa\Desktop\Website Work\Contract Work\osvidcompany-web-app-master\.next\server\chunks\ssr\_0scmgy~._.js:16:39528)
    at async pQ.withErrorHandling (C:\Users\Abolarinwa\Desktop\Website Work\Contract Work\osvidcompany-web-app-master\.next\server\chunks\ssr\_0scmgy~._.js:16:41337)
    at async (C:\Users\Abolarinwa\Desktop\Website Work\Contract Work\osvidcompany-web-app-master\.next\server\chunks\ssr\_0scmgy~._.js:16:58970)

[info] Error: Dynamic server usage: Route / couldn't be rendered statically because it used `cookies`. See more info here: https://nextjs.org/docs/messages/dynamic-server-error
    at y (C:\Users\Abolarinwa\Desktop\Website Work\Contract Work\osvidcompany-web-app-master\.next\server\chunks\ssr\_0scmgy~._.js:1:854608)
    at n (C:\Users\Abolarinwa\Desktop\Website Work\Contract Work\osvidcompany-web-app-master\.next\server\chunks\ssr\_0scmgy~._.js:4:8939)
    at UW (C:\Users\Abolarinwa\Desktop\Website Work\Contract Work\osvidcompany-web-app-master\.next\server\chunks\ssr\_0scmgy~._.js:16:1138396)
    at <unknown> (C:\Users\Abolarinwa\Desktop\Website Work\Contract Work\osvidcompany-web-app-master\.next\server\chunks\ssr\[root-of-the-server]__0ult~z1._.js:1:5696)
    at e (C:\Users\Abolarinwa\Desktop\Website Work\Contract Work\osvidcompany-web-app-master\.next\server\chunks\ssr\[root-of-the-server]__0d.tdb4._.js:1:7267) {
  description: "Route / couldn't be rendered statically because it used `cookies`. See more info here: https://nextjs.org/docs/messages/dynamic-server-error",
  digest: 'DYNAMIC_SERVER_USAGE'
}

[info] Error: Dynamic server usage: Route / couldn't be rendered statically because it used `cookies`. See more info here: https://nextjs.org/docs/messages/dynamic-server-error
    at y (C:\Users\Abolarinwa\Desktop\Website Work\Contract Work\osvidcompany-web-app-master\.next\server\chunks\ssr\_0scmgy~._.js:1:854608)
    at n (C:\Users\Abolarinwa\Desktop\Website Work\Contract Work\osvidcompany-web-app-master\.next\server\chunks\ssr\_0scmgy~._.js:4:8939)
    at UW (C:\Users\Abolarinwa\Desktop\Website Work\Contract Work\osvidcompany-web-app-master\.next\server\chunks\ssr\_0scmgy~._.js:16:1138396)
    at <unknown> (C:\Users\Abolarinwa\Desktop\Website Work\Contract Work\osvidcompany-web-app-master\.next\server\chunks\ssr\[root-of-the-server]__0ult~z1._.js:1:6257)
    at e (C:\Users\Abolarinwa\Desktop\Website Work\Contract Work\osvidcompany-web-app-master\.next\server\chunks\ssr\[root-of-the-server]__0d.tdb4._.js:1:7294) {
  description: "Route / couldn't be rendered statically because it used `cookies`. See more info here: https://nextjs.org/docs/messages/dynamic-server-error",
  digest: 'DYNAMIC_SERVER_USAGE'
}

[info] Error fetching blog categories from custom collection: Error: Failed to fetch tokens from OAuth API: Bad Request. request id: null. Response: {"message":"appRuntimeKeys [at index 0] is invalid:\n`-- appId is not a valid GUID","details":{"validationError":{"fieldViolations":[{"field":"appRuntimeKeys[0].appId","description":"is not a valid GUID","violatedRule":"FORMAT","data":{"type":"GUID"}}]}}}
    at eD (C:\Users\Abolarinwa\Desktop\Website Work\Contract Work\osvidcompany-web-app-master\.next\server\chunks\ssr\_0scmgy~._.js:1:243479)
    at async j (C:\Users\Abolarinwa\Desktop\Website Work\Contract Work\osvidcompany-web-app-master\.next\server\chunks\ssr\_0scmgy~._.js:1:244260)
    at async Object.h [as getAuthHeaders] (C:\Users\Abolarinwa\Desktop\Website Work\Contract Work\osvidcompany-web-app-master\.next\server\chunks\ssr\_0scmgy~._.js:1:243944)
    at async p (C:\Users\Abolarinwa\Desktop\Website Work\Contract Work\osvidcompany-web-app-master\.next\server\chunks\ssr\_0scmgy~._.js:1:206001)
    at async Object.request (C:\Users\Abolarinwa\Desktop\Website Work\Contract Work\osvidcompany-web-app-master\.next\server\chunks\ssr\_0scmgy~._.js:1:208336)
    at async qo.execHttpCall (C:\Users\Abolarinwa\Desktop\Website Work\Contract Work\osvidcompany-web-app-master\.next\server\chunks\ssr\_0scmgy~._.js:16:69571)
    at async (C:\Users\Abolarinwa\Desktop\Website Work\Contract Work\osvidcompany-web-app-master\.next\server\chunks\ssr\_0scmgy~._.js:16:39528)
    at async pQ.withErrorHandling (C:\Users\Abolarinwa\Desktop\Website Work\Contract Work\osvidcompany-web-app-master\.next\server\chunks\ssr\_0scmgy~._.js:16:41337)
    at async (C:\Users\Abolarinwa\Desktop\Website Work\Contract Work\osvidcompany-web-app-master\.next\server\chunks\ssr\_0scmgy~._.js:16:58970)

[info] Error fetching recent blog posts (limit 3): Error: Failed to fetch tokens from OAuth API: Bad Request. request id: null. Response: {"message":"appRuntimeKeys [at index 0] is invalid:\n`-- appId is not a valid GUID","details":{"validationError":{"fieldViolations":[{"field":"appRuntimeKeys[0].appId","description":"is not a valid GUID","violatedRule":"FORMAT","data":{"type":"GUID"}}]}}}
    at eD (C:\Users\Abolarinwa\Desktop\Website Work\Contract Work\osvidcompany-web-app-master\.next\server\chunks\ssr\_0scmgy~._.js:1:243479)
    at async j (C:\Users\Abolarinwa\Desktop\Website Work\Contract Work\osvidcompany-web-app-master\.next\server\chunks\ssr\_0scmgy~._.js:1:244260)
    at async Object.h [as getAuthHeaders] (C:\Users\Abolarinwa\Desktop\Website Work\Contract Work\osvidcompany-web-app-master\.next\server\chunks\ssr\_0scmgy~._.js:1:243944)
    at async p (C:\Users\Abolarinwa\Desktop\Website Work\Contract Work\osvidcompany-web-app-master\.next\server\chunks\ssr\_0scmgy~._.js:1:206001)
    at async Object.request (C:\Users\Abolarinwa\Desktop\Website Work\Contract Work\osvidcompany-web-app-master\.next\server\chunks\ssr\_0scmgy~._.js:1:208336)
    at async qo.execHttpCall (C:\Users\Abolarinwa\Desktop\Website Work\Contract Work\osvidcompany-web-app-master\.next\server\chunks\ssr\_0scmgy~._.js:16:69571)
    at async (C:\Users\Abolarinwa\Desktop\Website Work\Contract Work\osvidcompany-web-app-master\.next\server\chunks\ssr\_0scmgy~._.js:16:39528)
    at async pQ.withErrorHandling (C:\Users\Abolarinwa\Desktop\Website Work\Contract Work\osvidcompany-web-app-master\.next\server\chunks\ssr\_0scmgy~._.js:16:41337)
    at async (C:\Users\Abolarinwa\Desktop\Website Work\Contract Work\osvidcompany-web-app-master\.next\server\chunks\ssr\_0scmgy~._.js:16:58970)

[info]   Generating static pages using 7 workers (10/20) 

[info] Error: Dynamic server usage: Route /products couldn't be rendered statically because it used `cookies`. See more info here: https://nextjs.org/docs/messages/dynamic-server-error
    at y (C:\Users\Abolarinwa\Desktop\Website Work\Contract Work\osvidcompany-web-app-master\.next\server\chunks\ssr\_0scmgy~._.js:1:854608)
    at n (C:\Users\Abolarinwa\Desktop\Website Work\Contract Work\osvidcompany-web-app-master\.next\server\chunks\ssr\_0scmgy~._.js:4:8939)
    at UW (C:\Users\Abolarinwa\Desktop\Website Work\Contract Work\osvidcompany-web-app-master\.next\server\chunks\ssr\_0scmgy~._.js:16:1138396)
    at <unknown> (C:\Users\Abolarinwa\Desktop\Website Work\Contract Work\osvidcompany-web-app-master\.next\server\chunks\ssr\[root-of-the-server]__06460_2._.js:1:3897)
    at i (C:\Users\Abolarinwa\Desktop\Website Work\Contract Work\osvidcompany-web-app-master\.next\server\chunks\ssr\[root-of-the-server]__06460_2._.js:3:3708) {
  description: "Route /products couldn't be rendered statically because it used `cookies`. See more info here: https://nextjs.org/docs/messages/dynamic-server-error",
  digest: 'DYNAMIC_SERVER_USAGE'
}

[info] Error fetching product categories: Error: Failed to fetch tokens from OAuth API: Bad Request. request id: null. Response: {"message":"appRuntimeKeys [at index 0] is invalid:\n`-- appId is not a valid GUID","details":{"validationError":{"fieldViolations":[{"field":"appRuntimeKeys[0].appId","description":"is not a valid GUID","violatedRule":"FORMAT","data":{"type":"GUID"}}]}}}
    at eD (C:\Users\Abolarinwa\Desktop\Website Work\Contract Work\osvidcompany-web-app-master\.next\server\chunks\ssr\_0scmgy~._.js:1:243479)
    at async j (C:\Users\Abolarinwa\Desktop\Website Work\Contract Work\osvidcompany-web-app-master\.next\server\chunks\ssr\_0scmgy~._.js:1:244260)
    at async Object.h [as getAuthHeaders] (C:\Users\Abolarinwa\Desktop\Website Work\Contract Work\osvidcompany-web-app-master\.next\server\chunks\ssr\_0scmgy~._.js:1:243944)
    at async p (C:\Users\Abolarinwa\Desktop\Website Work\Contract Work\osvidcompany-web-app-master\.next\server\chunks\ssr\_0scmgy~._.js:1:206001)
    at async Object.request (C:\Users\Abolarinwa\Desktop\Website Work\Contract Work\osvidcompany-web-app-master\.next\server\chunks\ssr\_0scmgy~._.js:1:208336)
    at async qo.execHttpCall (C:\Users\Abolarinwa\Desktop\Website Work\Contract Work\osvidcompany-web-app-master\.next\server\chunks\ssr\_0scmgy~._.js:16:69571)
    at async (C:\Users\Abolarinwa\Desktop\Website Work\Contract Work\osvidcompany-web-app-master\.next\server\chunks\ssr\_0scmgy~._.js:16:39528)
    at async pQ.withErrorHandling (C:\Users\Abolarinwa\Desktop\Website Work\Contract Work\osvidcompany-web-app-master\.next\server\chunks\ssr\_0scmgy~._.js:16:41337)
    at async (C:\Users\Abolarinwa\Desktop\Website Work\Contract Work\osvidcompany-web-app-master\.next\server\chunks\ssr\_0scmgy~._.js:16:58970)

[info]   Generating static pages using 7 workers (15/20) 

[info] ✓ Generating static pages using 7 workers (20/20) in 5.4s

[info]   Finalizing page optimization ...

[info] 

[info] Route (app)
┌ ƒ /
├ ○ /_not-found
├ ƒ /about
├ ƒ /api
├ ƒ /api/auth/callback/wix
├ ƒ /api/checkout/create-payment-intent
├ ƒ /api/email
├ ƒ /api/maintenance
├ ƒ /api/payment/verify
├ ƒ /blog
├ ƒ /blog/[slug]
├ ○ /cart
├ ○ /checkout
├ ○ /contact
├ ○ /maintenance
├ ○ /opengraph-image.png
├ ○ /portfolio
├ ƒ /products
├ ƒ /products/[categorySlug]
├ ○ /services
├ ƒ /services/[slug]
├ ƒ /shop
└ ƒ /shop/[slug]


ƒ Proxy (Middleware)

[info] 

[info] ○  (Static)   prerendered as static content
ƒ  (Dynamic)  server-rendered on demand


[info] Building a Cloud Function to run this application. This is needed due to:
[info]  • middleware
[info]  • non-static component /(live)/about/page
[info]  • non-static component /(live)/blog/[slug]/page
[info]  • non-static component /(live)/blog/page
[info]  • non-static component /(live)/page
[debug] [2026-09-22T16:27:51.523Z]  • non-static component /(live)/products/[categorySlug]/page
[debug] [2026-09-22T16:27:51.523Z]  • non-static component /(live)/products/page
[debug] [2026-09-22T16:27:51.523Z]  • non-static component /(live)/services/[slug]/page
[debug] [2026-09-22T16:27:51.523Z]  • non-static component /(live)/shop/[slug]/page
[debug] [2026-09-22T16:27:51.524Z]  • non-static component /(live)/shop/page
[debug] [2026-09-22T16:27:51.524Z]  • non-static component /api/auth/callback/wix/route
[debug] [2026-09-22T16:27:51.524Z]  • non-static component /api/checkout/create-payment-intent/route
[debug] [2026-09-22T16:27:51.524Z]  • non-static component /api/email/route
[debug] [2026-09-22T16:27:51.524Z]  • non-static component /api/maintenance/route
[debug] [2026-09-22T16:27:51.524Z]  • non-static component /api/payment/verify/route
[debug] [2026-09-22T16:27:51.524Z]  • non-static component /api/route
[info]  • and 11 other reasons, use --debug to see more
[info] 
[debug] [2026-09-22T16:27:54.213Z] skipping /_global-error due to it matching an unsupported rewrite/redirect/header or middlware
[debug] [2026-09-22T16:27:54.213Z] skipping /_not-found due to it matching an unsupported rewrite/redirect/header or middlware
[debug] [2026-09-22T16:27:54.213Z] skipping /cart due to it matching an unsupported rewrite/redirect/header or middlware
[debug] [2026-09-22T16:27:54.213Z] skipping /checkout due to it matching an unsupported rewrite/redirect/header or middlware
[debug] [2026-09-22T16:27:54.213Z] skipping /contact due to it matching an unsupported rewrite/redirect/header or middlware
[debug] [2026-09-22T16:27:54.214Z] skipping /maintenance due to it matching an unsupported rewrite/redirect/header or middlware
[debug] [2026-09-22T16:27:54.214Z] skipping /opengraph-image.png due to it matching an unsupported rewrite/redirect/header or middlware
[debug] [2026-09-22T16:27:54.214Z] skipping /portfolio due to it matching an unsupported rewrite/redirect/header or middlware
[debug] [2026-09-22T16:27:54.215Z] skipping /services due to it matching an unsupported rewrite/redirect/header or middlware
[debug] [2026-09-22T16:27:54.215Z] skipping /404 due to it matching an unsupported rewrite/redirect/header or middlware
[debug] [2026-09-22T16:27:54.215Z] skipping /500 due to it matching an unsupported rewrite/redirect/header or middlware
[debug] [2026-09-22T16:28:16.312Z] Checked if tokens are valid: true, expires at: 1790097642088
[debug] [2026-09-22T16:28:16.312Z] Checked if tokens are valid: true, expires at: 1790097642088
[debug] [2026-09-22T16:28:16.312Z] >>> [apiv2][query] GET https://firebasehosting.googleapis.com/v1beta1/projects/osvid-9d4d6/sites/osvid-9d4d6 [none]
[debug] [2026-09-22T16:28:17.957Z] <<< [apiv2][status] GET https://firebasehosting.googleapis.com/v1beta1/projects/osvid-9d4d6/sites/osvid-9d4d6 200
[debug] [2026-09-22T16:28:17.958Z] <<< [apiv2][body] GET https://firebasehosting.googleapis.com/v1beta1/projects/osvid-9d4d6/sites/osvid-9d4d6 {"name":"projects/osvid-9d4d6/sites/osvid-9d4d6","defaultUrl":"https://osvid-9d4d6.web.app","type":"DEFAULT_SITE"}
[debug] [2026-09-22T16:28:21.577Z] Error: EPERM: operation not permitted, symlink 'C:\Users\Abolarinwa\Desktop\Website Work\Contract Work\osvidcompany-web-app-master\node_modules\prettier' -> 'C:\Users\Abolarinwa\Desktop\Website Work\Contract Work\osvidcompany-web-app-master\.firebase\osvid-9d4d6\functions\.next\node_modules\prettier-3c69a91af3bc4731'
[debug] [2026-09-22T16:29:39.002Z] ----------------------------------------------------------------------
[debug] [2026-09-22T16:29:39.012Z] Command:       C:\Users\Abolarinwa\AppData\Local\Microsoft\WinGet\Packages\OpenJS.NodeJS.LTS_Microsoft.Winget.Source_8wekyb3d8bbwe\node-v24.18.0-win-x64\node.exe C:\Users\Abolarinwa\AppData\Local\Microsoft\WinGet\Packages\OpenJS.NodeJS.LTS_Microsoft.Winget.Source_8wekyb3d8bbwe\node-v24.18.0-win-x64\node_modules\firebase-tools\lib\bin\firebase.js deploy --project osvid-9d4d6
[debug] [2026-09-22T16:29:39.013Z] CLI Version:   15.30.2
[debug] [2026-09-22T16:29:39.013Z] Platform:      win32
[debug] [2026-09-22T16:29:39.014Z] Node Version:  v24.18.0
[debug] [2026-09-22T16:29:39.015Z] Detected Agent: antigravity
[debug] [2026-09-22T16:29:39.015Z] Time:          Tue Sep 22 2026 17:29:39 GMT+0100 (West Africa Time)
[debug] [2026-09-22T16:29:39.016Z] ----------------------------------------------------------------------
[debug] 
[debug] [2026-09-22T16:29:46.947Z] > command requires scopes: ["email","openid","https://www.googleapis.com/auth/cloudplatformprojects.readonly","https://www.googleapis.com/auth/firebase","https://www.googleapis.com/auth/cloud-platform"]
[debug] [2026-09-22T16:29:46.948Z] > authorizing via signed-in user (abolarinwaemmanuelfree@gmail.com)
[debug] [2026-09-22T16:29:46.948Z] [iam] checking project osvid-9d4d6 for permissions ["firebase.projects.get","firebasehosting.sites.update"]
[debug] [2026-09-22T16:29:47.032Z] Checked if tokens are valid: true, expires at: 1790097642088
[debug] [2026-09-22T16:29:47.033Z] Checked if tokens are valid: true, expires at: 1790097642088
[debug] [2026-09-22T16:29:47.038Z] >>> [apiv2][query] POST https://cloudresourcemanager.googleapis.com/v1/projects/osvid-9d4d6:testIamPermissions [none]
[debug] [2026-09-22T16:29:47.039Z] >>> [apiv2][(partial)header] POST https://cloudresourcemanager.googleapis.com/v1/projects/osvid-9d4d6:testIamPermissions  x-goog-user-project=osvid-9d4d6
[debug] [2026-09-22T16:29:47.039Z] >>> [apiv2][body] POST https://cloudresourcemanager.googleapis.com/v1/projects/osvid-9d4d6:testIamPermissions {"permissions":["firebase.projects.get","firebasehosting.sites.update"]}
[debug] [2026-09-22T16:29:48.387Z] <<< [apiv2][status] POST https://cloudresourcemanager.googleapis.com/v1/projects/osvid-9d4d6:testIamPermissions 200
[debug] [2026-09-22T16:29:48.388Z] <<< [apiv2][body] POST https://cloudresourcemanager.googleapis.com/v1/projects/osvid-9d4d6:testIamPermissions {"permissions":["firebase.projects.get","firebasehosting.sites.update"]}
[debug] [2026-09-22T16:29:48.391Z] Checked if tokens are valid: true, expires at: 1790097642088
[debug] [2026-09-22T16:29:48.391Z] Checked if tokens are valid: true, expires at: 1790097642088
[debug] [2026-09-22T16:29:48.392Z] >>> [apiv2][query] GET https://firebase.googleapis.com/v1beta1/projects/osvid-9d4d6 [none]
[debug] [2026-09-22T16:29:50.135Z] <<< [apiv2][status] GET https://firebase.googleapis.com/v1beta1/projects/osvid-9d4d6 200
[debug] [2026-09-22T16:29:50.136Z] <<< [apiv2][body] GET https://firebase.googleapis.com/v1beta1/projects/osvid-9d4d6 {"projectId":"osvid-9d4d6","projectNumber":"953662513555","displayName":"osvid","name":"projects/osvid-9d4d6","resources":{"hostingSite":"osvid-9d4d6"},"state":"ACTIVE","labels":{"firebase":"enabled"},"etag":"1_72e8625d-c3e0-4358-82e3-d2c3cdece371"}
[info] 
   Thank you for trying our early preview of Next.js support on Firebase Hosting.
   During the preview, support is best-effort and breaking changes can be expected. Proceed with caution.
   The integration is known to work with Next.js version 12 - 16.0. You may encounter errors.

   Documentation: https://firebase.google.com/docs/hosting/frameworks/nextjs
   File a bug: https://github.com/firebase/firebase-tools/issues/new?template=bug_report.md
   Submit a feature request: https://github.com/firebase/firebase-tools/issues/new?template=feature_request.md

   We'd love to learn from you. Express your interest in helping us shape the future of Firebase Hosting: https://goo.gle/41enW5X

[debug] [2026-09-22T16:30:16.088Z] Checked if tokens are valid: true, expires at: 1790097642088
[debug] [2026-09-22T16:30:16.088Z] Checked if tokens are valid: true, expires at: 1790097642088
[debug] [2026-09-22T16:30:16.089Z] >>> [apiv2][query] GET https://firebasehosting.googleapis.com/v1beta1/projects/osvid-9d4d6/sites/osvid-9d4d6 [none]
[debug] [2026-09-22T16:30:17.588Z] <<< [apiv2][status] GET https://firebasehosting.googleapis.com/v1beta1/projects/osvid-9d4d6/sites/osvid-9d4d6 200
[debug] [2026-09-22T16:30:17.588Z] <<< [apiv2][body] GET https://firebasehosting.googleapis.com/v1beta1/projects/osvid-9d4d6/sites/osvid-9d4d6 {"name":"projects/osvid-9d4d6/sites/osvid-9d4d6","defaultUrl":"https://osvid-9d4d6.web.app","type":"DEFAULT_SITE"}
[info] ▲ Next.js 16.2.3 (Turbopack)

[info] - Environments: .env.local


[info] ⚠ The "middleware" file convention is deprecated. Please use "proxy" instead. Learn more: https://nextjs.org/docs/messages/middleware-to-proxy

[info]   Creating an optimized production build ...

[info] ✓ Compiled successfully in 36.3s

[info]   Running TypeScript ...

[info]   Finished TypeScript in 33.2s ...

[info]   Collecting page data using 7 workers ...

[info]   Generating static pages using 7 workers (0/20) ...

[info] ⚠ metadataBase property in metadata export is not set for resolving social open graph or twitter images, using "http://localhost:3000". See https://nextjs.org/docs/app/api-reference/functions/generate-metadata#metadatabase

[info] Error: Dynamic server usage: Route /blog couldn't be rendered statically because it used `cookies`. See more info here: https://nextjs.org/docs/messages/dynamic-server-error
    at y (C:\Users\Abolarinwa\Desktop\Website Work\Contract Work\osvidcompany-web-app-master\.next\server\chunks\ssr\_0scmgy~._.js:1:854608)
    at n (C:\Users\Abolarinwa\Desktop\Website Work\Contract Work\osvidcompany-web-app-master\.next\server\chunks\ssr\_0scmgy~._.js:4:8939)
    at UW (C:\Users\Abolarinwa\Desktop\Website Work\Contract Work\osvidcompany-web-app-master\.next\server\chunks\ssr\_0scmgy~._.js:16:1138396)
    at <unknown> (C:\Users\Abolarinwa\Desktop\Website Work\Contract Work\osvidcompany-web-app-master\.next\server\chunks\ssr\[root-of-the-server]__085cicd._.js:3:4540)
    at g (C:\Users\Abolarinwa\Desktop\Website Work\Contract Work\osvidcompany-web-app-master\.next\server\chunks\ssr\[root-of-the-server]__0ult~z1._.js:1:8178) {
  description: "Route /blog couldn't be rendered statically because it used `cookies`. See more info here: https://nextjs.org/docs/messages/dynamic-server-error",
  digest: 'DYNAMIC_SERVER_USAGE'
}

[info] Error: Dynamic server usage: Route /blog couldn't be rendered statically because it used `cookies`. See more info here: https://nextjs.org/docs/messages/dynamic-server-error
    at y (C:\Users\Abolarinwa\Desktop\Website Work\Contract Work\osvidcompany-web-app-master\.next\server\chunks\ssr\_0scmgy~._.js:1:854608)
    at n (C:\Users\Abolarinwa\Desktop\Website Work\Contract Work\osvidcompany-web-app-master\.next\server\chunks\ssr\_0scmgy~._.js:4:8939)
    at UW (C:\Users\Abolarinwa\Desktop\Website Work\Contract Work\osvidcompany-web-app-master\.next\server\chunks\ssr\_0scmgy~._.js:16:1138396)
    at <unknown> (C:\Users\Abolarinwa\Desktop\Website Work\Contract Work\osvidcompany-web-app-master\.next\server\chunks\ssr\[root-of-the-server]__085cicd._.js:3:6458)
    at g (C:\Users\Abolarinwa\Desktop\Website Work\Contract Work\osvidcompany-web-app-master\.next\server\chunks\ssr\[root-of-the-server]__0ult~z1._.js:1:8205) {
  description: "Route /blog couldn't be rendered statically because it used `cookies`. See more info here: https://nextjs.org/docs/messages/dynamic-server-error",
  digest: 'DYNAMIC_SERVER_USAGE'
}

[info] Error: Dynamic server usage: Route /blog couldn't be rendered statically because it used `cookies`. See more info here: https://nextjs.org/docs/messages/dynamic-server-error
    at y (C:\Users\Abolarinwa\Desktop\Website Work\Contract Work\osvidcompany-web-app-master\.next\server\chunks\ssr\_0scmgy~._.js:1:854608)
    at n (C:\Users\Abolarinwa\Desktop\Website Work\Contract Work\osvidcompany-web-app-master\.next\server\chunks\ssr\_0scmgy~._.js:4:8939)
    at UW (C:\Users\Abolarinwa\Desktop\Website Work\Contract Work\osvidcompany-web-app-master\.next\server\chunks\ssr\_0scmgy~._.js:16:1138396)
    at <unknown> (C:\Users\Abolarinwa\Desktop\Website Work\Contract Work\osvidcompany-web-app-master\.next\server\chunks\ssr\[root-of-the-server]__085cicd._.js:3:7019)
    at g (C:\Users\Abolarinwa\Desktop\Website Work\Contract Work\osvidcompany-web-app-master\.next\server\chunks\ssr\[root-of-the-server]__0ult~z1._.js:1:8232) {
  description: "Route /blog couldn't be rendered statically because it used `cookies`. See more info here: https://nextjs.org/docs/messages/dynamic-server-error",
  digest: 'DYNAMIC_SERVER_USAGE'
}

[info]   Generating static pages using 7 workers (5/20) 

[info] Error fetching blog posts: Error: Failed to fetch tokens from OAuth API: Bad Request. request id: null. Response: {"message":"appRuntimeKeys [at index 0] is invalid:\n`-- appId is not a valid GUID","details":{"validationError":{"fieldViolations":[{"field":"appRuntimeKeys[0].appId","description":"is not a valid GUID","violatedRule":"FORMAT","data":{"type":"GUID"}}]}}}
    at eD (C:\Users\Abolarinwa\Desktop\Website Work\Contract Work\osvidcompany-web-app-master\.next\server\chunks\ssr\_0scmgy~._.js:1:243479)
    at async j (C:\Users\Abolarinwa\Desktop\Website Work\Contract Work\osvidcompany-web-app-master\.next\server\chunks\ssr\_0scmgy~._.js:1:244260)
    at async Object.h [as getAuthHeaders] (C:\Users\Abolarinwa\Desktop\Website Work\Contract Work\osvidcompany-web-app-master\.next\server\chunks\ssr\_0scmgy~._.js:1:243944)
    at async p (C:\Users\Abolarinwa\Desktop\Website Work\Contract Work\osvidcompany-web-app-master\.next\server\chunks\ssr\_0scmgy~._.js:1:206001)
    at async Object.request (C:\Users\Abolarinwa\Desktop\Website Work\Contract Work\osvidcompany-web-app-master\.next\server\chunks\ssr\_0scmgy~._.js:1:208336)
    at async qo.execHttpCall (C:\Users\Abolarinwa\Desktop\Website Work\Contract Work\osvidcompany-web-app-master\.next\server\chunks\ssr\_0scmgy~._.js:16:69571)
    at async (C:\Users\Abolarinwa\Desktop\Website Work\Contract Work\osvidcompany-web-app-master\.next\server\chunks\ssr\_0scmgy~._.js:16:39528)
    at async pQ.withErrorHandling (C:\Users\Abolarinwa\Desktop\Website Work\Contract Work\osvidcompany-web-app-master\.next\server\chunks\ssr\_0scmgy~._.js:16:41337)
    at async (C:\Users\Abolarinwa\Desktop\Website Work\Contract Work\osvidcompany-web-app-master\.next\server\chunks\ssr\_0scmgy~._.js:16:58970)

[info] Error fetching blog categories from custom collection: Error: Failed to fetch tokens from OAuth API: Bad Request. request id: null. Response: {"message":"appRuntimeKeys [at index 0] is invalid:\n`-- appId is not a valid GUID","details":{"validationError":{"fieldViolations":[{"field":"appRuntimeKeys[0].appId","description":"is not a valid GUID","violatedRule":"FORMAT","data":{"type":"GUID"}}]}}}
    at eD (C:\Users\Abolarinwa\Desktop\Website Work\Contract Work\osvidcompany-web-app-master\.next\server\chunks\ssr\_0scmgy~._.js:1:243479)
    at async j (C:\Users\Abolarinwa\Desktop\Website Work\Contract Work\osvidcompany-web-app-master\.next\server\chunks\ssr\_0scmgy~._.js:1:244260)
    at async Object.h [as getAuthHeaders] (C:\Users\Abolarinwa\Desktop\Website Work\Contract Work\osvidcompany-web-app-master\.next\server\chunks\ssr\_0scmgy~._.js:1:243944)
    at async p (C:\Users\Abolarinwa\Desktop\Website Work\Contract Work\osvidcompany-web-app-master\.next\server\chunks\ssr\_0scmgy~._.js:1:206001)
    at async Object.request (C:\Users\Abolarinwa\Desktop\Website Work\Contract Work\osvidcompany-web-app-master\.next\server\chunks\ssr\_0scmgy~._.js:1:208336)
    at async qo.execHttpCall (C:\Users\Abolarinwa\Desktop\Website Work\Contract Work\osvidcompany-web-app-master\.next\server\chunks\ssr\_0scmgy~._.js:16:69571)
    at async (C:\Users\Abolarinwa\Desktop\Website Work\Contract Work\osvidcompany-web-app-master\.next\server\chunks\ssr\_0scmgy~._.js:16:39528)
    at async pQ.withErrorHandling (C:\Users\Abolarinwa\Desktop\Website Work\Contract Work\osvidcompany-web-app-master\.next\server\chunks\ssr\_0scmgy~._.js:16:41337)
    at async (C:\Users\Abolarinwa\Desktop\Website Work\Contract Work\osvidcompany-web-app-master\.next\server\chunks\ssr\_0scmgy~._.js:16:58970)

[info] Error fetching recent blog posts (limit 5): Error: Failed to fetch tokens from OAuth API: Bad Request. request id: null. Response: {"message":"appRuntimeKeys [at index 0] is invalid:\n`-- appId is not a valid GUID","details":{"validationError":{"fieldViolations":[{"field":"appRuntimeKeys[0].appId","description":"is not a valid GUID","violatedRule":"FORMAT","data":{"type":"GUID"}}]}}}
    at eD (C:\Users\Abolarinwa\Desktop\Website Work\Contract Work\osvidcompany-web-app-master\.next\server\chunks\ssr\_0scmgy~._.js:1:243479)
    at async j (C:\Users\Abolarinwa\Desktop\Website Work\Contract Work\osvidcompany-web-app-master\.next\server\chunks\ssr\_0scmgy~._.js:1:244260)
    at async Object.h [as getAuthHeaders] (C:\Users\Abolarinwa\Desktop\Website Work\Contract Work\osvidcompany-web-app-master\.next\server\chunks\ssr\_0scmgy~._.js:1:243944)
    at async p (C:\Users\Abolarinwa\Desktop\Website Work\Contract Work\osvidcompany-web-app-master\.next\server\chunks\ssr\_0scmgy~._.js:1:206001)
    at async Object.request (C:\Users\Abolarinwa\Desktop\Website Work\Contract Work\osvidcompany-web-app-master\.next\server\chunks\ssr\_0scmgy~._.js:1:208336)
    at async qo.execHttpCall (C:\Users\Abolarinwa\Desktop\Website Work\Contract Work\osvidcompany-web-app-master\.next\server\chunks\ssr\_0scmgy~._.js:16:69571)
    at async (C:\Users\Abolarinwa\Desktop\Website Work\Contract Work\osvidcompany-web-app-master\.next\server\chunks\ssr\_0scmgy~._.js:16:39528)
    at async pQ.withErrorHandling (C:\Users\Abolarinwa\Desktop\Website Work\Contract Work\osvidcompany-web-app-master\.next\server\chunks\ssr\_0scmgy~._.js:16:41337)
    at async (C:\Users\Abolarinwa\Desktop\Website Work\Contract Work\osvidcompany-web-app-master\.next\server\chunks\ssr\_0scmgy~._.js:16:58970)

[info] Error: Dynamic server usage: Route / couldn't be rendered statically because it used `cookies`. See more info here: https://nextjs.org/docs/messages/dynamic-server-error
    at y (C:\Users\Abolarinwa\Desktop\Website Work\Contract Work\osvidcompany-web-app-master\.next\server\chunks\ssr\_0scmgy~._.js:1:854608)
    at n (C:\Users\Abolarinwa\Desktop\Website Work\Contract Work\osvidcompany-web-app-master\.next\server\chunks\ssr\_0scmgy~._.js:4:8939)
    at UW (C:\Users\Abolarinwa\Desktop\Website Work\Contract Work\osvidcompany-web-app-master\.next\server\chunks\ssr\_0scmgy~._.js:16:1138396)
    at <unknown> (C:\Users\Abolarinwa\Desktop\Website Work\Contract Work\osvidcompany-web-app-master\.next\server\chunks\ssr\[root-of-the-server]__085cicd._.js:3:6458)
    at e (C:\Users\Abolarinwa\Desktop\Website Work\Contract Work\osvidcompany-web-app-master\.next\server\chunks\ssr\[root-of-the-server]__085cicd._.js:3:8553) {
  description: "Route / couldn't be rendered statically because it used `cookies`. See more info here: https://nextjs.org/docs/messages/dynamic-server-error",
  digest: 'DYNAMIC_SERVER_USAGE'
}

[info] Error: Dynamic server usage: Route / couldn't be rendered statically because it used `cookies`. See more info here: https://nextjs.org/docs/messages/dynamic-server-error
    at y (C:\Users\Abolarinwa\Desktop\Website Work\Contract Work\osvidcompany-web-app-master\.next\server\chunks\ssr\_0scmgy~._.js:1:854608)
    at n (C:\Users\Abolarinwa\Desktop\Website Work\Contract Work\osvidcompany-web-app-master\.next\server\chunks\ssr\_0scmgy~._.js:4:8939)
    at UW (C:\Users\Abolarinwa\Desktop\Website Work\Contract Work\osvidcompany-web-app-master\.next\server\chunks\ssr\_0scmgy~._.js:16:1138396)
    at <unknown> (C:\Users\Abolarinwa\Desktop\Website Work\Contract Work\osvidcompany-web-app-master\.next\server\chunks\ssr\[root-of-the-server]__085cicd._.js:3:7019)
    at e (C:\Users\Abolarinwa\Desktop\Website Work\Contract Work\osvidcompany-web-app-master\.next\server\chunks\ssr\[root-of-the-server]__085cicd._.js:3:8580) {
  description: "Route / couldn't be rendered statically because it used `cookies`. See more info here: https://nextjs.org/docs/messages/dynamic-server-error",
  digest: 'DYNAMIC_SERVER_USAGE'
}

[info] Error fetching recent blog posts (limit 3): Error: Failed to fetch tokens from OAuth API: Bad Request. request id: null. Response: {"message":"appRuntimeKeys [at index 0] is invalid:\n`-- appId is not a valid GUID","details":{"validationError":{"fieldViolations":[{"field":"appRuntimeKeys[0].appId","description":"is not a valid GUID","violatedRule":"FORMAT","data":{"type":"GUID"}}]}}}
    at eD (C:\Users\Abolarinwa\Desktop\Website Work\Contract Work\osvidcompany-web-app-master\.next\server\chunks\ssr\_0scmgy~._.js:1:243479)
    at async j (C:\Users\Abolarinwa\Desktop\Website Work\Contract Work\osvidcompany-web-app-master\.next\server\chunks\ssr\_0scmgy~._.js:1:244260)
    at async Object.h [as getAuthHeaders] (C:\Users\Abolarinwa\Desktop\Website Work\Contract Work\osvidcompany-web-app-master\.next\server\chunks\ssr\_0scmgy~._.js:1:243944)
    at async p (C:\Users\Abolarinwa\Desktop\Website Work\Contract Work\osvidcompany-web-app-master\.next\server\chunks\ssr\_0scmgy~._.js:1:206001)
    at async Object.request (C:\Users\Abolarinwa\Desktop\Website Work\Contract Work\osvidcompany-web-app-master\.next\server\chunks\ssr\_0scmgy~._.js:1:208336)
    at async qo.execHttpCall (C:\Users\Abolarinwa\Desktop\Website Work\Contract Work\osvidcompany-web-app-master\.next\server\chunks\ssr\_0scmgy~._.js:16:69571)
    at async (C:\Users\Abolarinwa\Desktop\Website Work\Contract Work\osvidcompany-web-app-master\.next\server\chunks\ssr\_0scmgy~._.js:16:39528)
    at async pQ.withErrorHandling (C:\Users\Abolarinwa\Desktop\Website Work\Contract Work\osvidcompany-web-app-master\.next\server\chunks\ssr\_0scmgy~._.js:16:41337)
    at async (C:\Users\Abolarinwa\Desktop\Website Work\Contract Work\osvidcompany-web-app-master\.next\server\chunks\ssr\_0scmgy~._.js:16:58970)

[info] Error fetching blog categories from custom collection: Error: Failed to fetch tokens from OAuth API: Bad Request. request id: null. Response: {"message":"appRuntimeKeys [at index 0] is invalid:\n`-- appId is not a valid GUID","details":{"validationError":{"fieldViolations":[{"field":"appRuntimeKeys[0].appId","description":"is not a valid GUID","violatedRule":"FORMAT","data":{"type":"GUID"}}]}}}
    at eD (C:\Users\Abolarinwa\Desktop\Website Work\Contract Work\osvidcompany-web-app-master\.next\server\chunks\ssr\_0scmgy~._.js:1:243479)
    at async j (C:\Users\Abolarinwa\Desktop\Website Work\Contract Work\osvidcompany-web-app-master\.next\server\chunks\ssr\_0scmgy~._.js:1:244260)
    at async Object.h [as getAuthHeaders] (C:\Users\Abolarinwa\Desktop\Website Work\Contract Work\osvidcompany-web-app-master\.next\server\chunks\ssr\_0scmgy~._.js:1:243944)
    at async p (C:\Users\Abolarinwa\Desktop\Website Work\Contract Work\osvidcompany-web-app-master\.next\server\chunks\ssr\_0scmgy~._.js:1:206001)
    at async Object.request (C:\Users\Abolarinwa\Desktop\Website Work\Contract Work\osvidcompany-web-app-master\.next\server\chunks\ssr\_0scmgy~._.js:1:208336)
    at async qo.execHttpCall (C:\Users\Abolarinwa\Desktop\Website Work\Contract Work\osvidcompany-web-app-master\.next\server\chunks\ssr\_0scmgy~._.js:16:69571)
    at async (C:\Users\Abolarinwa\Desktop\Website Work\Contract Work\osvidcompany-web-app-master\.next\server\chunks\ssr\_0scmgy~._.js:16:39528)
    at async pQ.withErrorHandling (C:\Users\Abolarinwa\Desktop\Website Work\Contract Work\osvidcompany-web-app-master\.next\server\chunks\ssr\_0scmgy~._.js:16:41337)
    at async (C:\Users\Abolarinwa\Desktop\Website Work\Contract Work\osvidcompany-web-app-master\.next\server\chunks\ssr\_0scmgy~._.js:16:58970)

[info]   Generating static pages using 7 workers (10/20) 

[info] Error: Dynamic server usage: Route /products couldn't be rendered statically because it used `cookies`. See more info here: https://nextjs.org/docs/messages/dynamic-server-error
    at y (C:\Users\Abolarinwa\Desktop\Website Work\Contract Work\osvidcompany-web-app-master\.next\server\chunks\ssr\_0scmgy~._.js:1:854608)
    at n (C:\Users\Abolarinwa\Desktop\Website Work\Contract Work\osvidcompany-web-app-master\.next\server\chunks\ssr\_0scmgy~._.js:4:8939)
    at UW (C:\Users\Abolarinwa\Desktop\Website Work\Contract Work\osvidcompany-web-app-master\.next\server\chunks\ssr\_0scmgy~._.js:16:1138396)
    at <unknown> (C:\Users\Abolarinwa\Desktop\Website Work\Contract Work\osvidcompany-web-app-master\.next\server\chunks\ssr\_0ttn5a1._.js:1:2391)
    at i (C:\Users\Abolarinwa\Desktop\Website Work\Contract Work\osvidcompany-web-app-master\.next\server\chunks\ssr\[root-of-the-server]__06460_2._.js:3:3708) {
  description: "Route /products couldn't be rendered statically because it used `cookies`. See more info here: https://nextjs.org/docs/messages/dynamic-server-error",
  digest: 'DYNAMIC_SERVER_USAGE'
}

[info] Error fetching product categories: Error: Failed to fetch tokens from OAuth API: Bad Request. request id: null. Response: {"message":"appRuntimeKeys [at index 0] is invalid:\n`-- appId is not a valid GUID","details":{"validationError":{"fieldViolations":[{"field":"appRuntimeKeys[0].appId","description":"is not a valid GUID","violatedRule":"FORMAT","data":{"type":"GUID"}}]}}}
    at eD (C:\Users\Abolarinwa\Desktop\Website Work\Contract Work\osvidcompany-web-app-master\.next\server\chunks\ssr\_0scmgy~._.js:1:243479)
    at async j (C:\Users\Abolarinwa\Desktop\Website Work\Contract Work\osvidcompany-web-app-master\.next\server\chunks\ssr\_0scmgy~._.js:1:244260)
    at async Object.h [as getAuthHeaders] (C:\Users\Abolarinwa\Desktop\Website Work\Contract Work\osvidcompany-web-app-master\.next\server\chunks\ssr\_0scmgy~._.js:1:243944)
    at async p (C:\Users\Abolarinwa\Desktop\Website Work\Contract Work\osvidcompany-web-app-master\.next\server\chunks\ssr\_0scmgy~._.js:1:206001)
    at async Object.request (C:\Users\Abolarinwa\Desktop\Website Work\Contract Work\osvidcompany-web-app-master\.next\server\chunks\ssr\_0scmgy~._.js:1:208336)
    at async qo.execHttpCall (C:\Users\Abolarinwa\Desktop\Website Work\Contract Work\osvidcompany-web-app-master\.next\server\chunks\ssr\_0scmgy~._.js:16:69571)
    at async (C:\Users\Abolarinwa\Desktop\Website Work\Contract Work\osvidcompany-web-app-master\.next\server\chunks\ssr\_0scmgy~._.js:16:39528)
    at async pQ.withErrorHandling (C:\Users\Abolarinwa\Desktop\Website Work\Contract Work\osvidcompany-web-app-master\.next\server\chunks\ssr\_0scmgy~._.js:16:41337)
    at async (C:\Users\Abolarinwa\Desktop\Website Work\Contract Work\osvidcompany-web-app-master\.next\server\chunks\ssr\_0scmgy~._.js:16:58970)

[info]   Generating static pages using 7 workers (15/20) 

[info] ✓ Generating static pages using 7 workers (20/20) in 4.6s

[info]   Finalizing page optimization ...

[info] 

[info] Route (app)
┌ ƒ /
├ ○ /_not-found
├ ƒ /about
├ ƒ /api
├ ƒ /api/auth/callback/wix
├ ƒ /api/checkout/create-payment-intent
├ ƒ /api/email
├ ƒ /api/maintenance
├ ƒ /api/payment/verify
├ ƒ /blog
├ ƒ /blog/[slug]
├ ○ /cart
├ ○ /checkout
├ ○ /contact
├ ○ /maintenance
├ ○ /opengraph-image.png
├ ○ /portfolio
├ ƒ /products
├ ƒ /products/[categorySlug]
├ ○ /services
├ ƒ /services/[slug]
├ ƒ /shop
└ ƒ /shop/[slug]


ƒ Proxy (Middleware)

[info] 
○  (Static)   prerendered as static content
ƒ  (Dynamic)  server-rendered on demand


[info] Building a Cloud Function to run this application. This is needed due to:
[info]  • middleware
[info]  • non-static component /(live)/about/page
[info]  • non-static component /(live)/blog/[slug]/page
[info]  • non-static component /(live)/blog/page
[info]  • non-static component /(live)/page
[debug] [2026-09-22T16:31:44.608Z]  • non-static component /(live)/products/[categorySlug]/page
[debug] [2026-09-22T16:31:44.609Z]  • non-static component /(live)/products/page
[debug] [2026-09-22T16:31:44.609Z]  • non-static component /(live)/services/[slug]/page
[debug] [2026-09-22T16:31:44.610Z]  • non-static component /(live)/shop/[slug]/page
[debug] [2026-09-22T16:31:44.610Z]  • non-static component /(live)/shop/page
[debug] [2026-09-22T16:31:44.610Z]  • non-static component /api/auth/callback/wix/route
[debug] [2026-09-22T16:31:44.610Z]  • non-static component /api/checkout/create-payment-intent/route
[debug] [2026-09-22T16:31:44.611Z]  • non-static component /api/email/route
[debug] [2026-09-22T16:31:44.611Z]  • non-static component /api/maintenance/route
[debug] [2026-09-22T16:31:44.611Z]  • non-static component /api/payment/verify/route
[debug] [2026-09-22T16:31:44.611Z]  • non-static component /api/route
[info]  • and 11 other reasons, use --debug to see more
[info] 
[debug] [2026-09-22T16:31:49.455Z] skipping /_global-error due to it matching an unsupported rewrite/redirect/header or middlware
[debug] [2026-09-22T16:31:49.456Z] skipping /_not-found due to it matching an unsupported rewrite/redirect/header or middlware
[debug] [2026-09-22T16:31:49.456Z] skipping /cart due to it matching an unsupported rewrite/redirect/header or middlware
[debug] [2026-09-22T16:31:49.457Z] skipping /checkout due to it matching an unsupported rewrite/redirect/header or middlware
[debug] [2026-09-22T16:31:49.457Z] skipping /contact due to it matching an unsupported rewrite/redirect/header or middlware
[debug] [2026-09-22T16:31:49.459Z] skipping /maintenance due to it matching an unsupported rewrite/redirect/header or middlware
[debug] [2026-09-22T16:31:49.459Z] skipping /opengraph-image.png due to it matching an unsupported rewrite/redirect/header or middlware
[debug] [2026-09-22T16:31:49.459Z] skipping /portfolio due to it matching an unsupported rewrite/redirect/header or middlware
[debug] [2026-09-22T16:31:49.459Z] skipping /services due to it matching an unsupported rewrite/redirect/header or middlware
[debug] [2026-09-22T16:31:49.460Z] skipping /404 due to it matching an unsupported rewrite/redirect/header or middlware
[debug] [2026-09-22T16:31:49.460Z] skipping /500 due to it matching an unsupported rewrite/redirect/header or middlware
[debug] [2026-09-22T16:32:02.894Z] Checked if tokens are valid: true, expires at: 1790097642088
[debug] [2026-09-22T16:32:02.895Z] Checked if tokens are valid: true, expires at: 1790097642088
[debug] [2026-09-22T16:32:02.896Z] >>> [apiv2][query] GET https://firebasehosting.googleapis.com/v1beta1/projects/osvid-9d4d6/sites/osvid-9d4d6 [none]
[debug] [2026-09-22T16:32:05.466Z] <<< [apiv2][status] GET https://firebasehosting.googleapis.com/v1beta1/projects/osvid-9d4d6/sites/osvid-9d4d6 200
[debug] [2026-09-22T16:32:05.467Z] <<< [apiv2][body] GET https://firebasehosting.googleapis.com/v1beta1/projects/osvid-9d4d6/sites/osvid-9d4d6 {"name":"projects/osvid-9d4d6/sites/osvid-9d4d6","defaultUrl":"https://osvid-9d4d6.web.app","type":"DEFAULT_SITE"}
[debug] [2026-09-22T16:32:12.689Z] Error: EPERM: operation not permitted, symlink 'C:\Users\Abolarinwa\Desktop\Website Work\Contract Work\osvidcompany-web-app-master\node_modules\prettier' -> 'C:\Users\Abolarinwa\Desktop\Website Work\Contract Work\osvidcompany-web-app-master\.firebase\osvid-9d4d6\functions\.next\node_modules\prettier-3c69a91af3bc4731'
[debug] [2026-09-22T16:33:37.617Z] ----------------------------------------------------------------------
[debug] [2026-09-22T16:33:37.621Z] Command:       C:\Users\Abolarinwa\AppData\Local\Microsoft\WinGet\Packages\OpenJS.NodeJS.LTS_Microsoft.Winget.Source_8wekyb3d8bbwe\node-v24.18.0-win-x64\node.exe C:\Users\Abolarinwa\AppData\Local\Microsoft\WinGet\Packages\OpenJS.NodeJS.LTS_Microsoft.Winget.Source_8wekyb3d8bbwe\node-v24.18.0-win-x64\node_modules\firebase-tools\lib\bin\firebase.js deploy --project osvid-9d4d6
[debug] [2026-09-22T16:33:37.622Z] CLI Version:   15.30.2
[debug] [2026-09-22T16:33:37.622Z] Platform:      win32
[debug] [2026-09-22T16:33:37.622Z] Node Version:  v24.18.0
[debug] [2026-09-22T16:33:37.622Z] Detected Agent: antigravity
[debug] [2026-09-22T16:33:37.623Z] Time:          Tue Sep 22 2026 17:33:37 GMT+0100 (West Africa Time)
[debug] [2026-09-22T16:33:37.623Z] ----------------------------------------------------------------------
[debug] 
[debug] [2026-09-22T16:33:40.972Z] > command requires scopes: ["email","openid","https://www.googleapis.com/auth/cloudplatformprojects.readonly","https://www.googleapis.com/auth/firebase","https://www.googleapis.com/auth/cloud-platform"]
[debug] [2026-09-22T16:33:40.973Z] > authorizing via signed-in user (abolarinwaemmanuelfree@gmail.com)
[debug] [2026-09-22T16:33:40.973Z] [iam] checking project osvid-9d4d6 for permissions ["firebase.projects.get","firebasehosting.sites.update"]
[debug] [2026-09-22T16:33:40.992Z] Checked if tokens are valid: true, expires at: 1790097642088
[debug] [2026-09-22T16:33:40.992Z] Checked if tokens are valid: true, expires at: 1790097642088
[debug] [2026-09-22T16:33:40.994Z] >>> [apiv2][query] POST https://cloudresourcemanager.googleapis.com/v1/projects/osvid-9d4d6:testIamPermissions [none]
[debug] [2026-09-22T16:33:40.994Z] >>> [apiv2][(partial)header] POST https://cloudresourcemanager.googleapis.com/v1/projects/osvid-9d4d6:testIamPermissions  x-goog-user-project=osvid-9d4d6
[debug] [2026-09-22T16:33:40.994Z] >>> [apiv2][body] POST https://cloudresourcemanager.googleapis.com/v1/projects/osvid-9d4d6:testIamPermissions {"permissions":["firebase.projects.get","firebasehosting.sites.update"]}
[debug] [2026-09-22T16:33:48.716Z] <<< [apiv2][status] POST https://cloudresourcemanager.googleapis.com/v1/projects/osvid-9d4d6:testIamPermissions 200
[debug] [2026-09-22T16:33:48.717Z] <<< [apiv2][body] POST https://cloudresourcemanager.googleapis.com/v1/projects/osvid-9d4d6:testIamPermissions {"permissions":["firebase.projects.get","firebasehosting.sites.update"]}
[debug] [2026-09-22T16:33:48.717Z] Checked if tokens are valid: true, expires at: 1790097642088
[debug] [2026-09-22T16:33:48.718Z] Checked if tokens are valid: true, expires at: 1790097642088
[debug] [2026-09-22T16:33:48.718Z] >>> [apiv2][query] GET https://firebase.googleapis.com/v1beta1/projects/osvid-9d4d6 [none]
[debug] [2026-09-22T16:33:51.126Z] <<< [apiv2][status] GET https://firebase.googleapis.com/v1beta1/projects/osvid-9d4d6 200
[debug] [2026-09-22T16:33:51.126Z] <<< [apiv2][body] GET https://firebase.googleapis.com/v1beta1/projects/osvid-9d4d6 {"projectId":"osvid-9d4d6","projectNumber":"953662513555","displayName":"osvid","name":"projects/osvid-9d4d6","resources":{"hostingSite":"osvid-9d4d6"},"state":"ACTIVE","labels":{"firebase":"enabled"},"etag":"1_72e8625d-c3e0-4358-82e3-d2c3cdece371"}
[info] 
   Thank you for trying our early preview of Next.js support on Firebase Hosting.
   During the preview, support is best-effort and breaking changes can be expected. Proceed with caution.
   The integration is known to work with Next.js version 12 - 16.0. You may encounter errors.

   Documentation: https://firebase.google.com/docs/hosting/frameworks/nextjs
   File a bug: https://github.com/firebase/firebase-tools/issues/new?template=bug_report.md
   Submit a feature request: https://github.com/firebase/firebase-tools/issues/new?template=feature_request.md

   We'd love to learn from you. Express your interest in helping us shape the future of Firebase Hosting: https://goo.gle/41enW5X

[debug] [2026-09-22T16:34:05.816Z] Checked if tokens are valid: true, expires at: 1790097642088
[debug] [2026-09-22T16:34:05.817Z] Checked if tokens are valid: true, expires at: 1790097642088
[debug] [2026-09-22T16:34:05.817Z] >>> [apiv2][query] GET https://firebasehosting.googleapis.com/v1beta1/projects/osvid-9d4d6/sites/osvid-9d4d6 [none]
[debug] [2026-09-22T16:34:12.501Z] <<< [apiv2][status] GET https://firebasehosting.googleapis.com/v1beta1/projects/osvid-9d4d6/sites/osvid-9d4d6 200
[debug] [2026-09-22T16:34:12.501Z] <<< [apiv2][body] GET https://firebasehosting.googleapis.com/v1beta1/projects/osvid-9d4d6/sites/osvid-9d4d6 {"name":"projects/osvid-9d4d6/sites/osvid-9d4d6","defaultUrl":"https://osvid-9d4d6.web.app","type":"DEFAULT_SITE"}
[info] ▲ Next.js 16.2.3 (Turbopack)

[info] - Environments: .env.local


[info] ⚠ The "middleware" file convention is deprecated. Please use "proxy" instead. Learn more: https://nextjs.org/docs/messages/middleware-to-proxy

[info]   Creating an optimized production build ...

[info] ✓ Compiled successfully in 21.1s

[info]   Running TypeScript ...

[info]   Finished TypeScript in 16.3s ...

[info]   Collecting page data using 7 workers ...

[info]   Generating static pages using 7 workers (0/20) ...

[info] ⚠ metadataBase property in metadata export is not set for resolving social open graph or twitter images, using "http://localhost:3000". See https://nextjs.org/docs/app/api-reference/functions/generate-metadata#metadatabase

[info] Error: Dynamic server usage: Route /blog couldn't be rendered statically because it used `cookies`. See more info here: https://nextjs.org/docs/messages/dynamic-server-error
    at y (C:\Users\Abolarinwa\Desktop\Website Work\Contract Work\osvidcompany-web-app-master\.next\server\chunks\ssr\_0scmgy~._.js:1:854608)
    at n (C:\Users\Abolarinwa\Desktop\Website Work\Contract Work\osvidcompany-web-app-master\.next\server\chunks\ssr\_0scmgy~._.js:4:8939)
    at UW (C:\Users\Abolarinwa\Desktop\Website Work\Contract Work\osvidcompany-web-app-master\.next\server\chunks\ssr\_0scmgy~._.js:16:1138396)
    at <unknown> (C:\Users\Abolarinwa\Desktop\Website Work\Contract Work\osvidcompany-web-app-master\.next\server\chunks\ssr\[root-of-the-server]__0d.tdb4._.js:1:3254)
    at g (C:\Users\Abolarinwa\Desktop\Website Work\Contract Work\osvidcompany-web-app-master\.next\server\chunks\ssr\[root-of-the-server]__0ult~z1._.js:1:8178) {
  description: "Route /blog couldn't be rendered statically because it used `cookies`. See more info here: https://nextjs.org/docs/messages/dynamic-server-error",
  digest: 'DYNAMIC_SERVER_USAGE'
}

[info] Error: Dynamic server usage: Route /blog couldn't be rendered statically because it used `cookies`. See more info here: https://nextjs.org/docs/messages/dynamic-server-error
    at y (C:\Users\Abolarinwa\Desktop\Website Work\Contract Work\osvidcompany-web-app-master\.next\server\chunks\ssr\_0scmgy~._.js:1:854608)
    at n (C:\Users\Abolarinwa\Desktop\Website Work\Contract Work\osvidcompany-web-app-master\.next\server\chunks\ssr\_0scmgy~._.js:4:8939)
    at UW (C:\Users\Abolarinwa\Desktop\Website Work\Contract Work\osvidcompany-web-app-master\.next\server\chunks\ssr\_0scmgy~._.js:16:1138396)
    at <unknown> (C:\Users\Abolarinwa\Desktop\Website Work\Contract Work\osvidcompany-web-app-master\.next\server\chunks\ssr\[root-of-the-server]__0d.tdb4._.js:1:5172)
    at g (C:\Users\Abolarinwa\Desktop\Website Work\Contract Work\osvidcompany-web-app-master\.next\server\chunks\ssr\[root-of-the-server]__0ult~z1._.js:1:8205) {
  description: "Route /blog couldn't be rendered statically because it used `cookies`. See more info here: https://nextjs.org/docs/messages/dynamic-server-error",
  digest: 'DYNAMIC_SERVER_USAGE'
}

[info] Error: Dynamic server usage: Route /blog couldn't be rendered statically because it used `cookies`. See more info here: https://nextjs.org/docs/messages/dynamic-server-error
    at y (C:\Users\Abolarinwa\Desktop\Website Work\Contract Work\osvidcompany-web-app-master\.next\server\chunks\ssr\_0scmgy~._.js:1:854608)
    at n (C:\Users\Abolarinwa\Desktop\Website Work\Contract Work\osvidcompany-web-app-master\.next\server\chunks\ssr\_0scmgy~._.js:4:8939)
    at UW (C:\Users\Abolarinwa\Desktop\Website Work\Contract Work\osvidcompany-web-app-master\.next\server\chunks\ssr\_0scmgy~._.js:16:1138396)
    at <unknown> (C:\Users\Abolarinwa\Desktop\Website Work\Contract Work\osvidcompany-web-app-master\.next\server\chunks\ssr\[root-of-the-server]__0d.tdb4._.js:1:5733)
    at g (C:\Users\Abolarinwa\Desktop\Website Work\Contract Work\osvidcompany-web-app-master\.next\server\chunks\ssr\[root-of-the-server]__0ult~z1._.js:1:8232) {
  description: "Route /blog couldn't be rendered statically because it used `cookies`. See more info here: https://nextjs.org/docs/messages/dynamic-server-error",
  digest: 'DYNAMIC_SERVER_USAGE'
}

[info]   Generating static pages using 7 workers (5/20) 

[info] Error fetching blog categories from custom collection: Error: Failed to fetch tokens from OAuth API: Bad Request. request id: null. Response: {"message":"appRuntimeKeys [at index 0] is invalid:\n`-- appId is not a valid GUID","details":{"validationError":{"fieldViolations":[{"field":"appRuntimeKeys[0].appId","description":"is not a valid GUID","violatedRule":"FORMAT","data":{"type":"GUID"}}]}}}
    at eD (C:\Users\Abolarinwa\Desktop\Website Work\Contract Work\osvidcompany-web-app-master\.next\server\chunks\ssr\_0scmgy~._.js:1:243479)
    at async j (C:\Users\Abolarinwa\Desktop\Website Work\Contract Work\osvidcompany-web-app-master\.next\server\chunks\ssr\_0scmgy~._.js:1:244260)
    at async Object.h [as getAuthHeaders] (C:\Users\Abolarinwa\Desktop\Website Work\Contract Work\osvidcompany-web-app-master\.next\server\chunks\ssr\_0scmgy~._.js:1:243944)
    at async p (C:\Users\Abolarinwa\Desktop\Website Work\Contract Work\osvidcompany-web-app-master\.next\server\chunks\ssr\_0scmgy~._.js:1:206001)
    at async Object.request (C:\Users\Abolarinwa\Desktop\Website Work\Contract Work\osvidcompany-web-app-master\.next\server\chunks\ssr\_0scmgy~._.js:1:208336)
    at async qo.execHttpCall (C:\Users\Abolarinwa\Desktop\Website Work\Contract Work\osvidcompany-web-app-master\.next\server\chunks\ssr\_0scmgy~._.js:16:69571)
    at async (C:\Users\Abolarinwa\Desktop\Website Work\Contract Work\osvidcompany-web-app-master\.next\server\chunks\ssr\_0scmgy~._.js:16:39528)
    at async pQ.withErrorHandling (C:\Users\Abolarinwa\Desktop\Website Work\Contract Work\osvidcompany-web-app-master\.next\server\chunks\ssr\_0scmgy~._.js:16:41337)
    at async (C:\Users\Abolarinwa\Desktop\Website Work\Contract Work\osvidcompany-web-app-master\.next\server\chunks\ssr\_0scmgy~._.js:16:58970)

[info] Error fetching recent blog posts (limit 5): Error: Failed to fetch tokens from OAuth API: Bad Request. request id: null. Response: {"message":"appRuntimeKeys [at index 0] is invalid:\n`-- appId is not a valid GUID","details":{"validationError":{"fieldViolations":[{"field":"appRuntimeKeys[0].appId","description":"is not a valid GUID","violatedRule":"FORMAT","data":{"type":"GUID"}}]}}}
    at eD (C:\Users\Abolarinwa\Desktop\Website Work\Contract Work\osvidcompany-web-app-master\.next\server\chunks\ssr\_0scmgy~._.js:1:243479)
    at async j (C:\Users\Abolarinwa\Desktop\Website Work\Contract Work\osvidcompany-web-app-master\.next\server\chunks\ssr\_0scmgy~._.js:1:244260)
    at async Object.h [as getAuthHeaders] (C:\Users\Abolarinwa\Desktop\Website Work\Contract Work\osvidcompany-web-app-master\.next\server\chunks\ssr\_0scmgy~._.js:1:243944)
    at async p (C:\Users\Abolarinwa\Desktop\Website Work\Contract Work\osvidcompany-web-app-master\.next\server\chunks\ssr\_0scmgy~._.js:1:206001)
    at async Object.request (C:\Users\Abolarinwa\Desktop\Website Work\Contract Work\osvidcompany-web-app-master\.next\server\chunks\ssr\_0scmgy~._.js:1:208336)
    at async qo.execHttpCall (C:\Users\Abolarinwa\Desktop\Website Work\Contract Work\osvidcompany-web-app-master\.next\server\chunks\ssr\_0scmgy~._.js:16:69571)
    at async (C:\Users\Abolarinwa\Desktop\Website Work\Contract Work\osvidcompany-web-app-master\.next\server\chunks\ssr\_0scmgy~._.js:16:39528)
    at async pQ.withErrorHandling (C:\Users\Abolarinwa\Desktop\Website Work\Contract Work\osvidcompany-web-app-master\.next\server\chunks\ssr\_0scmgy~._.js:16:41337)
    at async (C:\Users\Abolarinwa\Desktop\Website Work\Contract Work\osvidcompany-web-app-master\.next\server\chunks\ssr\_0scmgy~._.js:16:58970)

[info] Error fetching blog posts: Error: Failed to fetch tokens from OAuth API: Bad Request. request id: null. Response: {"message":"appRuntimeKeys [at index 0] is invalid:\n`-- appId is not a valid GUID","details":{"validationError":{"fieldViolations":[{"field":"appRuntimeKeys[0].appId","description":"is not a valid GUID","violatedRule":"FORMAT","data":{"type":"GUID"}}]}}}
    at eD (C:\Users\Abolarinwa\Desktop\Website Work\Contract Work\osvidcompany-web-app-master\.next\server\chunks\ssr\_0scmgy~._.js:1:243479)
    at async j (C:\Users\Abolarinwa\Desktop\Website Work\Contract Work\osvidcompany-web-app-master\.next\server\chunks\ssr\_0scmgy~._.js:1:244260)
    at async Object.h [as getAuthHeaders] (C:\Users\Abolarinwa\Desktop\Website Work\Contract Work\osvidcompany-web-app-master\.next\server\chunks\ssr\_0scmgy~._.js:1:243944)
    at async p (C:\Users\Abolarinwa\Desktop\Website Work\Contract Work\osvidcompany-web-app-master\.next\server\chunks\ssr\_0scmgy~._.js:1:206001)
    at async Object.request (C:\Users\Abolarinwa\Desktop\Website Work\Contract Work\osvidcompany-web-app-master\.next\server\chunks\ssr\_0scmgy~._.js:1:208336)
    at async qo.execHttpCall (C:\Users\Abolarinwa\Desktop\Website Work\Contract Work\osvidcompany-web-app-master\.next\server\chunks\ssr\_0scmgy~._.js:16:69571)
    at async (C:\Users\Abolarinwa\Desktop\Website Work\Contract Work\osvidcompany-web-app-master\.next\server\chunks\ssr\_0scmgy~._.js:16:39528)
    at async pQ.withErrorHandling (C:\Users\Abolarinwa\Desktop\Website Work\Contract Work\osvidcompany-web-app-master\.next\server\chunks\ssr\_0scmgy~._.js:16:41337)
    at async (C:\Users\Abolarinwa\Desktop\Website Work\Contract Work\osvidcompany-web-app-master\.next\server\chunks\ssr\_0scmgy~._.js:16:58970)

[info] Error: Dynamic server usage: Route / couldn't be rendered statically because it used `cookies`. See more info here: https://nextjs.org/docs/messages/dynamic-server-error
    at y (C:\Users\Abolarinwa\Desktop\Website Work\Contract Work\osvidcompany-web-app-master\.next\server\chunks\ssr\_0scmgy~._.js:1:854608)
    at n (C:\Users\Abolarinwa\Desktop\Website Work\Contract Work\osvidcompany-web-app-master\.next\server\chunks\ssr\_0scmgy~._.js:4:8939)
    at UW (C:\Users\Abolarinwa\Desktop\Website Work\Contract Work\osvidcompany-web-app-master\.next\server\chunks\ssr\_0scmgy~._.js:16:1138396)
    at <unknown> (C:\Users\Abolarinwa\Desktop\Website Work\Contract Work\osvidcompany-web-app-master\.next\server\chunks\ssr\[root-of-the-server]__0d.tdb4._.js:1:5172)
    at e (C:\Users\Abolarinwa\Desktop\Website Work\Contract Work\osvidcompany-web-app-master\.next\server\chunks\ssr\[root-of-the-server]__0d.tdb4._.js:1:7267) {
  description: "Route / couldn't be rendered statically because it used `cookies`. See more info here: https://nextjs.org/docs/messages/dynamic-server-error",
  digest: 'DYNAMIC_SERVER_USAGE'
}

[info] Error: Dynamic server usage: Route / couldn't be rendered statically because it used `cookies`. See more info here: https://nextjs.org/docs/messages/dynamic-server-error
    at y (C:\Users\Abolarinwa\Desktop\Website Work\Contract Work\osvidcompany-web-app-master\.next\server\chunks\ssr\_0scmgy~._.js:1:854608)
    at n (C:\Users\Abolarinwa\Desktop\Website Work\Contract Work\osvidcompany-web-app-master\.next\server\chunks\ssr\_0scmgy~._.js:4:8939)
    at UW (C:\Users\Abolarinwa\Desktop\Website Work\Contract Work\osvidcompany-web-app-master\.next\server\chunks\ssr\_0scmgy~._.js:16:1138396)
    at <unknown> (C:\Users\Abolarinwa\Desktop\Website Work\Contract Work\osvidcompany-web-app-master\.next\server\chunks\ssr\[root-of-the-server]__0d.tdb4._.js:1:5733)
    at e (C:\Users\Abolarinwa\Desktop\Website Work\Contract Work\osvidcompany-web-app-master\.next\server\chunks\ssr\[root-of-the-server]__0d.tdb4._.js:1:7294) {
  description: "Route / couldn't be rendered statically because it used `cookies`. See more info here: https://nextjs.org/docs/messages/dynamic-server-error",
  digest: 'DYNAMIC_SERVER_USAGE'
}

[info] Error fetching recent blog posts (limit 3): Error: Failed to fetch tokens from OAuth API: Bad Request. request id: null. Response: {"message":"appRuntimeKeys [at index 0] is invalid:\n`-- appId is not a valid GUID","details":{"validationError":{"fieldViolations":[{"field":"appRuntimeKeys[0].appId","description":"is not a valid GUID","violatedRule":"FORMAT","data":{"type":"GUID"}}]}}}
    at eD (C:\Users\Abolarinwa\Desktop\Website Work\Contract Work\osvidcompany-web-app-master\.next\server\chunks\ssr\_0scmgy~._.js:1:243479)
    at async j (C:\Users\Abolarinwa\Desktop\Website Work\Contract Work\osvidcompany-web-app-master\.next\server\chunks\ssr\_0scmgy~._.js:1:244260)
    at async Object.h [as getAuthHeaders] (C:\Users\Abolarinwa\Desktop\Website Work\Contract Work\osvidcompany-web-app-master\.next\server\chunks\ssr\_0scmgy~._.js:1:243944)
    at async p (C:\Users\Abolarinwa\Desktop\Website Work\Contract Work\osvidcompany-web-app-master\.next\server\chunks\ssr\_0scmgy~._.js:1:206001)
    at async Object.request (C:\Users\Abolarinwa\Desktop\Website Work\Contract Work\osvidcompany-web-app-master\.next\server\chunks\ssr\_0scmgy~._.js:1:208336)
    at async qo.execHttpCall (C:\Users\Abolarinwa\Desktop\Website Work\Contract Work\osvidcompany-web-app-master\.next\server\chunks\ssr\_0scmgy~._.js:16:69571)
    at async (C:\Users\Abolarinwa\Desktop\Website Work\Contract Work\osvidcompany-web-app-master\.next\server\chunks\ssr\_0scmgy~._.js:16:39528)
    at async pQ.withErrorHandling (C:\Users\Abolarinwa\Desktop\Website Work\Contract Work\osvidcompany-web-app-master\.next\server\chunks\ssr\_0scmgy~._.js:16:41337)
    at async (C:\Users\Abolarinwa\Desktop\Website Work\Contract Work\osvidcompany-web-app-master\.next\server\chunks\ssr\_0scmgy~._.js:16:58970)

[info] Error fetching blog categories from custom collection: Error: Failed to fetch tokens from OAuth API: Bad Request. request id: null. Response: {"message":"appRuntimeKeys [at index 0] is invalid:\n`-- appId is not a valid GUID","details":{"validationError":{"fieldViolations":[{"field":"appRuntimeKeys[0].appId","description":"is not a valid GUID","violatedRule":"FORMAT","data":{"type":"GUID"}}]}}}
    at eD (C:\Users\Abolarinwa\Desktop\Website Work\Contract Work\osvidcompany-web-app-master\.next\server\chunks\ssr\_0scmgy~._.js:1:243479)
    at async j (C:\Users\Abolarinwa\Desktop\Website Work\Contract Work\osvidcompany-web-app-master\.next\server\chunks\ssr\_0scmgy~._.js:1:244260)
    at async Object.h [as getAuthHeaders] (C:\Users\Abolarinwa\Desktop\Website Work\Contract Work\osvidcompany-web-app-master\.next\server\chunks\ssr\_0scmgy~._.js:1:243944)
    at async p (C:\Users\Abolarinwa\Desktop\Website Work\Contract Work\osvidcompany-web-app-master\.next\server\chunks\ssr\_0scmgy~._.js:1:206001)
    at async Object.request (C:\Users\Abolarinwa\Desktop\Website Work\Contract Work\osvidcompany-web-app-master\.next\server\chunks\ssr\_0scmgy~._.js:1:208336)
    at async qo.execHttpCall (C:\Users\Abolarinwa\Desktop\Website Work\Contract Work\osvidcompany-web-app-master\.next\server\chunks\ssr\_0scmgy~._.js:16:69571)
    at async (C:\Users\Abolarinwa\Desktop\Website Work\Contract Work\osvidcompany-web-app-master\.next\server\chunks\ssr\_0scmgy~._.js:16:39528)
    at async pQ.withErrorHandling (C:\Users\Abolarinwa\Desktop\Website Work\Contract Work\osvidcompany-web-app-master\.next\server\chunks\ssr\_0scmgy~._.js:16:41337)
    at async (C:\Users\Abolarinwa\Desktop\Website Work\Contract Work\osvidcompany-web-app-master\.next\server\chunks\ssr\_0scmgy~._.js:16:58970)

[info]   Generating static pages using 7 workers (10/20) 

[info] Error: Dynamic server usage: Route /products couldn't be rendered statically because it used `cookies`. See more info here: https://nextjs.org/docs/messages/dynamic-server-error
    at y (C:\Users\Abolarinwa\Desktop\Website Work\Contract Work\osvidcompany-web-app-master\.next\server\chunks\ssr\_0scmgy~._.js:1:854608)
    at n (C:\Users\Abolarinwa\Desktop\Website Work\Contract Work\osvidcompany-web-app-master\.next\server\chunks\ssr\_0scmgy~._.js:4:8939)
    at UW (C:\Users\Abolarinwa\Desktop\Website Work\Contract Work\osvidcompany-web-app-master\.next\server\chunks\ssr\_0scmgy~._.js:16:1138396)
    at <unknown> (C:\Users\Abolarinwa\Desktop\Website Work\Contract Work\osvidcompany-web-app-master\.next\server\chunks\ssr\_0ttn5a1._.js:1:2391)
    at i (C:\Users\Abolarinwa\Desktop\Website Work\Contract Work\osvidcompany-web-app-master\.next\server\chunks\ssr\[root-of-the-server]__06460_2._.js:3:3708) {
  description: "Route /products couldn't be rendered statically because it used `cookies`. See more info here: https://nextjs.org/docs/messages/dynamic-server-error",
  digest: 'DYNAMIC_SERVER_USAGE'
}

[info] Error fetching product categories: Error: Failed to fetch tokens from OAuth API: Bad Request. request id: null. Response: {"message":"appRuntimeKeys [at index 0] is invalid:\n`-- appId is not a valid GUID","details":{"validationError":{"fieldViolations":[{"field":"appRuntimeKeys[0].appId","description":"is not a valid GUID","violatedRule":"FORMAT","data":{"type":"GUID"}}]}}}
    at eD (C:\Users\Abolarinwa\Desktop\Website Work\Contract Work\osvidcompany-web-app-master\.next\server\chunks\ssr\_0scmgy~._.js:1:243479)
    at async j (C:\Users\Abolarinwa\Desktop\Website Work\Contract Work\osvidcompany-web-app-master\.next\server\chunks\ssr\_0scmgy~._.js:1:244260)
    at async Object.h [as getAuthHeaders] (C:\Users\Abolarinwa\Desktop\Website Work\Contract Work\osvidcompany-web-app-master\.next\server\chunks\ssr\_0scmgy~._.js:1:243944)
    at async p (C:\Users\Abolarinwa\Desktop\Website Work\Contract Work\osvidcompany-web-app-master\.next\server\chunks\ssr\_0scmgy~._.js:1:206001)
    at async Object.request (C:\Users\Abolarinwa\Desktop\Website Work\Contract Work\osvidcompany-web-app-master\.next\server\chunks\ssr\_0scmgy~._.js:1:208336)
    at async qo.execHttpCall (C:\Users\Abolarinwa\Desktop\Website Work\Contract Work\osvidcompany-web-app-master\.next\server\chunks\ssr\_0scmgy~._.js:16:69571)
    at async (C:\Users\Abolarinwa\Desktop\Website Work\Contract Work\osvidcompany-web-app-master\.next\server\chunks\ssr\_0scmgy~._.js:16:39528)
    at async pQ.withErrorHandling (C:\Users\Abolarinwa\Desktop\Website Work\Contract Work\osvidcompany-web-app-master\.next\server\chunks\ssr\_0scmgy~._.js:16:41337)
    at async (C:\Users\Abolarinwa\Desktop\Website Work\Contract Work\osvidcompany-web-app-master\.next\server\chunks\ssr\_0scmgy~._.js:16:58970)

[info]   Generating static pages using 7 workers (15/20) 

[info] ✓ Generating static pages using 7 workers (20/20) in 4.8s

[info]   Finalizing page optimization ...

[info] 

[info] Route (app)
┌ ƒ /
├ ○ /_not-found
├ ƒ /about
├ ƒ /api
├ ƒ /api/auth/callback/wix
├ ƒ /api/checkout/create-payment-intent
├ ƒ /api/email
├ ƒ /api/maintenance
├ ƒ /api/payment/verify
├ ƒ /blog
├ ƒ /blog/[slug]
├ ○ /cart
├ ○ /checkout
├ ○ /contact
├ ○ /maintenance
├ ○ /opengraph-image.png
├ ○ /portfolio
├ ƒ /products
├ ƒ /products/[categorySlug]
├ ○ /services
├ ƒ /services/[slug]
├ ƒ /shop
└ ƒ /shop/[slug]


ƒ Proxy (Middleware)

[info] 
○  (Static)   prerendered as static content
ƒ  (Dynamic)  server-rendered on demand


[info] Building a Cloud Function to run this application. This is needed due to:
[info]  • middleware
[info]  • non-static component /(live)/about/page
[info]  • non-static component /(live)/blog/[slug]/page
[info]  • non-static component /(live)/blog/page
[info]  • non-static component /(live)/page
[debug] [2026-09-22T16:35:04.620Z]  • non-static component /(live)/products/[categorySlug]/page
[debug] [2026-09-22T16:35:04.620Z]  • non-static component /(live)/products/page
[debug] [2026-09-22T16:35:04.620Z]  • non-static component /(live)/services/[slug]/page
[debug] [2026-09-22T16:35:04.621Z]  • non-static component /(live)/shop/[slug]/page
[debug] [2026-09-22T16:35:04.621Z]  • non-static component /(live)/shop/page
[debug] [2026-09-22T16:35:04.621Z]  • non-static component /api/auth/callback/wix/route
[debug] [2026-09-22T16:35:04.621Z]  • non-static component /api/checkout/create-payment-intent/route
[debug] [2026-09-22T16:35:04.621Z]  • non-static component /api/email/route
[debug] [2026-09-22T16:35:04.621Z]  • non-static component /api/maintenance/route
[debug] [2026-09-22T16:35:04.621Z]  • non-static component /api/payment/verify/route
[debug] [2026-09-22T16:35:04.621Z]  • non-static component /api/route
[info]  • and 11 other reasons, use --debug to see more
[info] 
[debug] [2026-09-22T16:35:07.320Z] skipping /_global-error due to it matching an unsupported rewrite/redirect/header or middlware
[debug] [2026-09-22T16:35:07.321Z] skipping /_not-found due to it matching an unsupported rewrite/redirect/header or middlware
[debug] [2026-09-22T16:35:07.321Z] skipping /cart due to it matching an unsupported rewrite/redirect/header or middlware
[debug] [2026-09-22T16:35:07.323Z] skipping /checkout due to it matching an unsupported rewrite/redirect/header or middlware
[debug] [2026-09-22T16:35:07.323Z] skipping /contact due to it matching an unsupported rewrite/redirect/header or middlware
[debug] [2026-09-22T16:35:07.324Z] skipping /maintenance due to it matching an unsupported rewrite/redirect/header or middlware
[debug] [2026-09-22T16:35:07.325Z] skipping /opengraph-image.png due to it matching an unsupported rewrite/redirect/header or middlware
[debug] [2026-09-22T16:35:07.325Z] skipping /portfolio due to it matching an unsupported rewrite/redirect/header or middlware
[debug] [2026-09-22T16:35:07.325Z] skipping /services due to it matching an unsupported rewrite/redirect/header or middlware
[debug] [2026-09-22T16:35:07.325Z] skipping /404 due to it matching an unsupported rewrite/redirect/header or middlware
[debug] [2026-09-22T16:35:07.325Z] skipping /500 due to it matching an unsupported rewrite/redirect/header or middlware
[debug] [2026-09-22T16:35:15.543Z] Checked if tokens are valid: true, expires at: 1790097642088
[debug] [2026-09-22T16:35:15.544Z] Checked if tokens are valid: true, expires at: 1790097642088
[debug] [2026-09-22T16:35:15.544Z] >>> [apiv2][query] GET https://firebasehosting.googleapis.com/v1beta1/projects/osvid-9d4d6/sites/osvid-9d4d6 [none]
[debug] [2026-09-22T16:35:17.363Z] <<< [apiv2][status] GET https://firebasehosting.googleapis.com/v1beta1/projects/osvid-9d4d6/sites/osvid-9d4d6 200
[debug] [2026-09-22T16:35:17.363Z] <<< [apiv2][body] GET https://firebasehosting.googleapis.com/v1beta1/projects/osvid-9d4d6/sites/osvid-9d4d6 {"name":"projects/osvid-9d4d6/sites/osvid-9d4d6","defaultUrl":"https://osvid-9d4d6.web.app","type":"DEFAULT_SITE"}
[debug] [2026-09-22T16:35:22.458Z] Error: EPERM: operation not permitted, symlink 'C:\Users\Abolarinwa\Desktop\Website Work\Contract Work\osvidcompany-web-app-master\node_modules\prettier' -> 'C:\Users\Abolarinwa\Desktop\Website Work\Contract Work\osvidcompany-web-app-master\.firebase\osvid-9d4d6\functions\.next\node_modules\prettier-3c69a91af3bc4731'
[debug] [2026-09-22T16:35:39.437Z] ----------------------------------------------------------------------
[debug] [2026-09-22T16:35:39.444Z] Command:       C:\Users\Abolarinwa\AppData\Local\Microsoft\WinGet\Packages\OpenJS.NodeJS.LTS_Microsoft.Winget.Source_8wekyb3d8bbwe\node-v24.18.0-win-x64\node.exe C:\Users\Abolarinwa\AppData\Local\Microsoft\WinGet\Packages\OpenJS.NodeJS.LTS_Microsoft.Winget.Source_8wekyb3d8bbwe\node-v24.18.0-win-x64\node_modules\firebase-tools\lib\bin\firebase.js deploy --project osvid-9d4d6 --debug
[debug] [2026-09-22T16:35:39.444Z] CLI Version:   15.30.2
[debug] [2026-09-22T16:35:39.445Z] Platform:      win32
[debug] [2026-09-22T16:35:39.445Z] Node Version:  v24.18.0
[debug] [2026-09-22T16:35:39.446Z] Detected Agent: antigravity
[debug] [2026-09-22T16:35:39.447Z] Time:          Tue Sep 22 2026 17:35:39 GMT+0100 (West Africa Time)
[debug] [2026-09-22T16:35:39.448Z] ----------------------------------------------------------------------
[debug] 
[debug] [2026-09-22T16:35:43.360Z] > command requires scopes: ["email","openid","https://www.googleapis.com/auth/cloudplatformprojects.readonly","https://www.googleapis.com/auth/firebase","https://www.googleapis.com/auth/cloud-platform"]
[debug] [2026-09-22T16:35:43.361Z] > authorizing via signed-in user (abolarinwaemmanuelfree@gmail.com)
[debug] [2026-09-22T16:35:43.361Z] [iam] checking project osvid-9d4d6 for permissions ["firebase.projects.get","firebasehosting.sites.update"]
[debug] [2026-09-22T16:35:43.389Z] Checked if tokens are valid: true, expires at: 1790097642088
[debug] [2026-09-22T16:35:43.390Z] Checked if tokens are valid: true, expires at: 1790097642088
[debug] [2026-09-22T16:35:43.393Z] >>> [apiv2][query] POST https://cloudresourcemanager.googleapis.com/v1/projects/osvid-9d4d6:testIamPermissions [none]
[debug] [2026-09-22T16:35:43.394Z] >>> [apiv2][(partial)header] POST https://cloudresourcemanager.googleapis.com/v1/projects/osvid-9d4d6:testIamPermissions  x-goog-user-project=osvid-9d4d6
[debug] [2026-09-22T16:35:43.394Z] >>> [apiv2][body] POST https://cloudresourcemanager.googleapis.com/v1/projects/osvid-9d4d6:testIamPermissions {"permissions":["firebase.projects.get","firebasehosting.sites.update"]}
[debug] [2026-09-22T16:35:45.794Z] <<< [apiv2][status] POST https://cloudresourcemanager.googleapis.com/v1/projects/osvid-9d4d6:testIamPermissions 200
[debug] [2026-09-22T16:35:45.795Z] <<< [apiv2][body] POST https://cloudresourcemanager.googleapis.com/v1/projects/osvid-9d4d6:testIamPermissions {"permissions":["firebase.projects.get","firebasehosting.sites.update"]}
[debug] [2026-09-22T16:35:45.797Z] Checked if tokens are valid: true, expires at: 1790097642088
[debug] [2026-09-22T16:35:45.797Z] Checked if tokens are valid: true, expires at: 1790097642088
[debug] [2026-09-22T16:35:45.798Z] >>> [apiv2][query] GET https://firebase.googleapis.com/v1beta1/projects/osvid-9d4d6 [none]
[debug] [2026-09-22T16:35:46.568Z] <<< [apiv2][status] GET https://firebase.googleapis.com/v1beta1/projects/osvid-9d4d6 200
[debug] [2026-09-22T16:35:46.568Z] <<< [apiv2][body] GET https://firebase.googleapis.com/v1beta1/projects/osvid-9d4d6 {"projectId":"osvid-9d4d6","projectNumber":"953662513555","displayName":"osvid","name":"projects/osvid-9d4d6","resources":{"hostingSite":"osvid-9d4d6"},"state":"ACTIVE","labels":{"firebase":"enabled"},"etag":"1_72e8625d-c3e0-4358-82e3-d2c3cdece371"}
[info] 
   Thank you for trying our early preview of Next.js support on Firebase Hosting.
   During the preview, support is best-effort and breaking changes can be expected. Proceed with caution.
   The integration is known to work with Next.js version 12 - 16.0. You may encounter errors.

   Documentation: https://firebase.google.com/docs/hosting/frameworks/nextjs
   File a bug: https://github.com/firebase/firebase-tools/issues/new?template=bug_report.md
   Submit a feature request: https://github.com/firebase/firebase-tools/issues/new?template=feature_request.md

   We'd love to learn from you. Express your interest in helping us shape the future of Firebase Hosting: https://goo.gle/41enW5X

[debug] [2026-09-22T16:36:01.229Z] Checked if tokens are valid: true, expires at: 1790097642088
[debug] [2026-09-22T16:36:01.229Z] Checked if tokens are valid: true, expires at: 1790097642088
[debug] [2026-09-22T16:36:01.230Z] >>> [apiv2][query] GET https://firebasehosting.googleapis.com/v1beta1/projects/osvid-9d4d6/sites/osvid-9d4d6 [none]
[debug] [2026-09-22T16:36:02.586Z] <<< [apiv2][status] GET https://firebasehosting.googleapis.com/v1beta1/projects/osvid-9d4d6/sites/osvid-9d4d6 200
[debug] [2026-09-22T16:36:02.586Z] <<< [apiv2][body] GET https://firebasehosting.googleapis.com/v1beta1/projects/osvid-9d4d6/sites/osvid-9d4d6 {"name":"projects/osvid-9d4d6/sites/osvid-9d4d6","defaultUrl":"https://osvid-9d4d6.web.app","type":"DEFAULT_SITE"}
[info] ▲ Next.js 16.2.3 (Turbopack)

[info] - Environments: .env.local


[info] ⚠ The "middleware" file convention is deprecated. Please use "proxy" instead. Learn more: https://nextjs.org/docs/messages/middleware-to-proxy

[info]   Creating an optimized production build ...

[info] 

[info] [1.17ms] [@tailwindcss/postcss] fonts\raleway_46ebaac2.module.css
[1.10ms]   ↳ Quick bail check


[info] 

[info] [0.18ms] [@tailwindcss/postcss] node_modules\swiper\swiper.css
[0.16ms]   ↳ Quick bail check


[info] 

[info] [0.13ms] [@tailwindcss/postcss] node_modules\swiper\modules\pagination.css

[info] [0.09ms]   ↳ Quick bail check

[info] 

[info] 

[info] [0.65ms] [@tailwindcss/postcss] fonts\clashdisplay_427185d0.module.css
[0.61ms]   ↳ Quick bail check


[info] 

[info] [0.06ms] [@tailwindcss/postcss] node_modules\keen-slider\keen-slider.min.css
[0.03ms]   ↳ Quick bail check


[info] 

[info] [0.08ms] [@tailwindcss/postcss] node_modules\swiper\modules\effect-fade.css
[0.04ms]   ↳ Quick bail check


[info] 

[info] [1462.80ms] [@tailwindcss/postcss] app\globals.css

[info] [   0.02ms]   ↳ Quick bail check
[ 512.62ms]   ↳ Setup compiler
[   1.96ms]     ↳ PostCSS AST -> Tailwind CSS AST
[ 510.47ms]     ↳ Create compiler
[   1.13ms]   ↳ Register full rebuild paths
[   6.49ms]   ↳ Setup scanner
[ 639.73ms]   ↳ Scan for candidates

[info] [  36.43ms]   ↳ Register dependency messages
[ 161.15ms]   ↳ Build utilities
[  91.53ms]   ↳ Optimization
[   9.91ms]     ↳ AST -> CSS
[  54.06ms]     ↳ Lightning CSS
[  27.48ms]     ↳ CSS -> PostCSS AST

[info] [  12.53ms]   ↳ Update PostCSS AST


[info] ✓ Compiled successfully in 21.7s

[info]   Running TypeScript ...

[info]   Finished TypeScript in 15.9s ...

[info]   Collecting page data using 7 workers ...

[info]   Generating static pages using 7 workers (0/20) ...

[info] ⚠ metadataBase property in metadata export is not set for resolving social open graph or twitter images, using "http://localhost:3000". See https://nextjs.org/docs/app/api-reference/functions/generate-metadata#metadatabase

[info] Error: Dynamic server usage: Route /blog couldn't be rendered statically because it used `cookies`. See more info here: https://nextjs.org/docs/messages/dynamic-server-error
    at y (C:\Users\Abolarinwa\Desktop\Website Work\Contract Work\osvidcompany-web-app-master\.next\server\chunks\ssr\_0scmgy~._.js:1:854608)
    at n (C:\Users\Abolarinwa\Desktop\Website Work\Contract Work\osvidcompany-web-app-master\.next\server\chunks\ssr\_0scmgy~._.js:4:8939)
    at UW (C:\Users\Abolarinwa\Desktop\Website Work\Contract Work\osvidcompany-web-app-master\.next\server\chunks\ssr\_0scmgy~._.js:16:1138396)
    at <unknown> (C:\Users\Abolarinwa\Desktop\Website Work\Contract Work\osvidcompany-web-app-master\.next\server\chunks\ssr\[root-of-the-server]__0ult~z1._.js:1:3778)
    at g (C:\Users\Abolarinwa\Desktop\Website Work\Contract Work\osvidcompany-web-app-master\.next\server\chunks\ssr\[root-of-the-server]__0ult~z1._.js:1:8178) {
  description: "Route /blog couldn't be rendered statically because it used `cookies`. See more info here: https://nextjs.org/docs/messages/dynamic-server-error",
  digest: 'DYNAMIC_SERVER_USAGE'
}

[info] Error: Dynamic server usage: Route /blog couldn't be rendered statically because it used `cookies`. See more info here: https://nextjs.org/docs/messages/dynamic-server-error
    at y (C:\Users\Abolarinwa\Desktop\Website Work\Contract Work\osvidcompany-web-app-master\.next\server\chunks\ssr\_0scmgy~._.js:1:854608)
    at n (C:\Users\Abolarinwa\Desktop\Website Work\Contract Work\osvidcompany-web-app-master\.next\server\chunks\ssr\_0scmgy~._.js:4:8939)
    at UW (C:\Users\Abolarinwa\Desktop\Website Work\Contract Work\osvidcompany-web-app-master\.next\server\chunks\ssr\_0scmgy~._.js:16:1138396)
    at <unknown> (C:\Users\Abolarinwa\Desktop\Website Work\Contract Work\osvidcompany-web-app-master\.next\server\chunks\ssr\[root-of-the-server]__0ult~z1._.js:1:5696)
    at g (C:\Users\Abolarinwa\Desktop\Website Work\Contract Work\osvidcompany-web-app-master\.next\server\chunks\ssr\[root-of-the-server]__0ult~z1._.js:1:8205) {
  description: "Route /blog couldn't be rendered statically because it used `cookies`. See more info here: https://nextjs.org/docs/messages/dynamic-server-error",
  digest: 'DYNAMIC_SERVER_USAGE'
}

[info] Error: Dynamic server usage: Route /blog couldn't be rendered statically because it used `cookies`. See more info here: https://nextjs.org/docs/messages/dynamic-server-error
    at y (C:\Users\Abolarinwa\Desktop\Website Work\Contract Work\osvidcompany-web-app-master\.next\server\chunks\ssr\_0scmgy~._.js:1:854608)
    at n (C:\Users\Abolarinwa\Desktop\Website Work\Contract Work\osvidcompany-web-app-master\.next\server\chunks\ssr\_0scmgy~._.js:4:8939)
    at UW (C:\Users\Abolarinwa\Desktop\Website Work\Contract Work\osvidcompany-web-app-master\.next\server\chunks\ssr\_0scmgy~._.js:16:1138396)
    at <unknown> (C:\Users\Abolarinwa\Desktop\Website Work\Contract Work\osvidcompany-web-app-master\.next\server\chunks\ssr\[root-of-the-server]__0ult~z1._.js:1:6257)
    at g (C:\Users\Abolarinwa\Desktop\Website Work\Contract Work\osvidcompany-web-app-master\.next\server\chunks\ssr\[root-of-the-server]__0ult~z1._.js:1:8232) {
  description: "Route /blog couldn't be rendered statically because it used `cookies`. See more info here: https://nextjs.org/docs/messages/dynamic-server-error",
  digest: 'DYNAMIC_SERVER_USAGE'
}

[info]   Generating static pages using 7 workers (5/20) 

[info] Error fetching blog posts: Error: Failed to fetch tokens from OAuth API: Bad Request. request id: null. Response: {"message":"appRuntimeKeys [at index 0] is invalid:\n`-- appId is not a valid GUID","details":{"validationError":{"fieldViolations":[{"field":"appRuntimeKeys[0].appId","description":"is not a valid GUID","violatedRule":"FORMAT","data":{"type":"GUID"}}]}}}
    at eD (C:\Users\Abolarinwa\Desktop\Website Work\Contract Work\osvidcompany-web-app-master\.next\server\chunks\ssr\_0scmgy~._.js:1:243479)
    at async j (C:\Users\Abolarinwa\Desktop\Website Work\Contract Work\osvidcompany-web-app-master\.next\server\chunks\ssr\_0scmgy~._.js:1:244260)
    at async Object.h [as getAuthHeaders] (C:\Users\Abolarinwa\Desktop\Website Work\Contract Work\osvidcompany-web-app-master\.next\server\chunks\ssr\_0scmgy~._.js:1:243944)
    at async p (C:\Users\Abolarinwa\Desktop\Website Work\Contract Work\osvidcompany-web-app-master\.next\server\chunks\ssr\_0scmgy~._.js:1:206001)
    at async Object.request (C:\Users\Abolarinwa\Desktop\Website Work\Contract Work\osvidcompany-web-app-master\.next\server\chunks\ssr\_0scmgy~._.js:1:208336)
    at async qo.execHttpCall (C:\Users\Abolarinwa\Desktop\Website Work\Contract Work\osvidcompany-web-app-master\.next\server\chunks\ssr\_0scmgy~._.js:16:69571)
    at async (C:\Users\Abolarinwa\Desktop\Website Work\Contract Work\osvidcompany-web-app-master\.next\server\chunks\ssr\_0scmgy~._.js:16:39528)
    at async pQ.withErrorHandling (C:\Users\Abolarinwa\Desktop\Website Work\Contract Work\osvidcompany-web-app-master\.next\server\chunks\ssr\_0scmgy~._.js:16:41337)
    at async (C:\Users\Abolarinwa\Desktop\Website Work\Contract Work\osvidcompany-web-app-master\.next\server\chunks\ssr\_0scmgy~._.js:16:58970)

[info] Error fetching blog categories from custom collection: Error: Failed to fetch tokens from OAuth API: Bad Request. request id: null. Response: {"message":"appRuntimeKeys [at index 0] is invalid:\n`-- appId is not a valid GUID","details":{"validationError":{"fieldViolations":[{"field":"appRuntimeKeys[0].appId","description":"is not a valid GUID","violatedRule":"FORMAT","data":{"type":"GUID"}}]}}}
    at eD (C:\Users\Abolarinwa\Desktop\Website Work\Contract Work\osvidcompany-web-app-master\.next\server\chunks\ssr\_0scmgy~._.js:1:243479)
    at async j (C:\Users\Abolarinwa\Desktop\Website Work\Contract Work\osvidcompany-web-app-master\.next\server\chunks\ssr\_0scmgy~._.js:1:244260)
    at async Object.h [as getAuthHeaders] (C:\Users\Abolarinwa\Desktop\Website Work\Contract Work\osvidcompany-web-app-master\.next\server\chunks\ssr\_0scmgy~._.js:1:243944)
    at async p (C:\Users\Abolarinwa\Desktop\Website Work\Contract Work\osvidcompany-web-app-master\.next\server\chunks\ssr\_0scmgy~._.js:1:206001)
    at async Object.request (C:\Users\Abolarinwa\Desktop\Website Work\Contract Work\osvidcompany-web-app-master\.next\server\chunks\ssr\_0scmgy~._.js:1:208336)
    at async qo.execHttpCall (C:\Users\Abolarinwa\Desktop\Website Work\Contract Work\osvidcompany-web-app-master\.next\server\chunks\ssr\_0scmgy~._.js:16:69571)
    at async (C:\Users\Abolarinwa\Desktop\Website Work\Contract Work\osvidcompany-web-app-master\.next\server\chunks\ssr\_0scmgy~._.js:16:39528)
    at async pQ.withErrorHandling (C:\Users\Abolarinwa\Desktop\Website Work\Contract Work\osvidcompany-web-app-master\.next\server\chunks\ssr\_0scmgy~._.js:16:41337)
    at async (C:\Users\Abolarinwa\Desktop\Website Work\Contract Work\osvidcompany-web-app-master\.next\server\chunks\ssr\_0scmgy~._.js:16:58970)

[info] Error fetching recent blog posts (limit 5): Error: Failed to fetch tokens from OAuth API: Bad Request. request id: null. Response: {"message":"appRuntimeKeys [at index 0] is invalid:\n`-- appId is not a valid GUID","details":{"validationError":{"fieldViolations":[{"field":"appRuntimeKeys[0].appId","description":"is not a valid GUID","violatedRule":"FORMAT","data":{"type":"GUID"}}]}}}
    at eD (C:\Users\Abolarinwa\Desktop\Website Work\Contract Work\osvidcompany-web-app-master\.next\server\chunks\ssr\_0scmgy~._.js:1:243479)
    at async j (C:\Users\Abolarinwa\Desktop\Website Work\Contract Work\osvidcompany-web-app-master\.next\server\chunks\ssr\_0scmgy~._.js:1:244260)
    at async Object.h [as getAuthHeaders] (C:\Users\Abolarinwa\Desktop\Website Work\Contract Work\osvidcompany-web-app-master\.next\server\chunks\ssr\_0scmgy~._.js:1:243944)
    at async p (C:\Users\Abolarinwa\Desktop\Website Work\Contract Work\osvidcompany-web-app-master\.next\server\chunks\ssr\_0scmgy~._.js:1:206001)
    at async Object.request (C:\Users\Abolarinwa\Desktop\Website Work\Contract Work\osvidcompany-web-app-master\.next\server\chunks\ssr\_0scmgy~._.js:1:208336)
    at async qo.execHttpCall (C:\Users\Abolarinwa\Desktop\Website Work\Contract Work\osvidcompany-web-app-master\.next\server\chunks\ssr\_0scmgy~._.js:16:69571)
    at async (C:\Users\Abolarinwa\Desktop\Website Work\Contract Work\osvidcompany-web-app-master\.next\server\chunks\ssr\_0scmgy~._.js:16:39528)
    at async pQ.withErrorHandling (C:\Users\Abolarinwa\Desktop\Website Work\Contract Work\osvidcompany-web-app-master\.next\server\chunks\ssr\_0scmgy~._.js:16:41337)
    at async (C:\Users\Abolarinwa\Desktop\Website Work\Contract Work\osvidcompany-web-app-master\.next\server\chunks\ssr\_0scmgy~._.js:16:58970)

[info] Error: Dynamic server usage: Route / couldn't be rendered statically because it used `cookies`. See more info here: https://nextjs.org/docs/messages/dynamic-server-error
    at y (C:\Users\Abolarinwa\Desktop\Website Work\Contract Work\osvidcompany-web-app-master\.next\server\chunks\ssr\_0scmgy~._.js:1:854608)
    at n (C:\Users\Abolarinwa\Desktop\Website Work\Contract Work\osvidcompany-web-app-master\.next\server\chunks\ssr\_0scmgy~._.js:4:8939)
    at UW (C:\Users\Abolarinwa\Desktop\Website Work\Contract Work\osvidcompany-web-app-master\.next\server\chunks\ssr\_0scmgy~._.js:16:1138396)
    at <unknown> (C:\Users\Abolarinwa\Desktop\Website Work\Contract Work\osvidcompany-web-app-master\.next\server\chunks\ssr\[root-of-the-server]__0ult~z1._.js:1:5696)
    at e (C:\Users\Abolarinwa\Desktop\Website Work\Contract Work\osvidcompany-web-app-master\.next\server\chunks\ssr\[root-of-the-server]__0d.tdb4._.js:1:7267) {
  description: "Route / couldn't be rendered statically because it used `cookies`. See more info here: https://nextjs.org/docs/messages/dynamic-server-error",
  digest: 'DYNAMIC_SERVER_USAGE'
}

[info] Error: Dynamic server usage: Route / couldn't be rendered statically because it used `cookies`. See more info here: https://nextjs.org/docs/messages/dynamic-server-error
    at y (C:\Users\Abolarinwa\Desktop\Website Work\Contract Work\osvidcompany-web-app-master\.next\server\chunks\ssr\_0scmgy~._.js:1:854608)
    at n (C:\Users\Abolarinwa\Desktop\Website Work\Contract Work\osvidcompany-web-app-master\.next\server\chunks\ssr\_0scmgy~._.js:4:8939)
    at UW (C:\Users\Abolarinwa\Desktop\Website Work\Contract Work\osvidcompany-web-app-master\.next\server\chunks\ssr\_0scmgy~._.js:16:1138396)
    at <unknown> (C:\Users\Abolarinwa\Desktop\Website Work\Contract Work\osvidcompany-web-app-master\.next\server\chunks\ssr\[root-of-the-server]__0ult~z1._.js:1:6257)
    at e (C:\Users\Abolarinwa\Desktop\Website Work\Contract Work\osvidcompany-web-app-master\.next\server\chunks\ssr\[root-of-the-server]__0d.tdb4._.js:1:7294) {
  description: "Route / couldn't be rendered statically because it used `cookies`. See more info here: https://nextjs.org/docs/messages/dynamic-server-error",
  digest: 'DYNAMIC_SERVER_USAGE'
}

[info] Error fetching recent blog posts (limit 3): Error: Failed to fetch tokens from OAuth API: Bad Request. request id: null. Response: {"message":"appRuntimeKeys [at index 0] is invalid:\n`-- appId is not a valid GUID","details":{"validationError":{"fieldViolations":[{"field":"appRuntimeKeys[0].appId","description":"is not a valid GUID","violatedRule":"FORMAT","data":{"type":"GUID"}}]}}}
    at eD (C:\Users\Abolarinwa\Desktop\Website Work\Contract Work\osvidcompany-web-app-master\.next\server\chunks\ssr\_0scmgy~._.js:1:243479)
    at async j (C:\Users\Abolarinwa\Desktop\Website Work\Contract Work\osvidcompany-web-app-master\.next\server\chunks\ssr\_0scmgy~._.js:1:244260)
    at async Object.h [as getAuthHeaders] (C:\Users\Abolarinwa\Desktop\Website Work\Contract Work\osvidcompany-web-app-master\.next\server\chunks\ssr\_0scmgy~._.js:1:243944)
    at async p (C:\Users\Abolarinwa\Desktop\Website Work\Contract Work\osvidcompany-web-app-master\.next\server\chunks\ssr\_0scmgy~._.js:1:206001)
    at async Object.request (C:\Users\Abolarinwa\Desktop\Website Work\Contract Work\osvidcompany-web-app-master\.next\server\chunks\ssr\_0scmgy~._.js:1:208336)
    at async qo.execHttpCall (C:\Users\Abolarinwa\Desktop\Website Work\Contract Work\osvidcompany-web-app-master\.next\server\chunks\ssr\_0scmgy~._.js:16:69571)
    at async (C:\Users\Abolarinwa\Desktop\Website Work\Contract Work\osvidcompany-web-app-master\.next\server\chunks\ssr\_0scmgy~._.js:16:39528)
    at async pQ.withErrorHandling (C:\Users\Abolarinwa\Desktop\Website Work\Contract Work\osvidcompany-web-app-master\.next\server\chunks\ssr\_0scmgy~._.js:16:41337)
    at async (C:\Users\Abolarinwa\Desktop\Website Work\Contract Work\osvidcompany-web-app-master\.next\server\chunks\ssr\_0scmgy~._.js:16:58970)

[info] Error fetching blog categories from custom collection: Error: Failed to fetch tokens from OAuth API: Bad Request. request id: null. Response: {"message":"appRuntimeKeys [at index 0] is invalid:\n`-- appId is not a valid GUID","details":{"validationError":{"fieldViolations":[{"field":"appRuntimeKeys[0].appId","description":"is not a valid GUID","violatedRule":"FORMAT","data":{"type":"GUID"}}]}}}
    at eD (C:\Users\Abolarinwa\Desktop\Website Work\Contract Work\osvidcompany-web-app-master\.next\server\chunks\ssr\_0scmgy~._.js:1:243479)
    at async j (C:\Users\Abolarinwa\Desktop\Website Work\Contract Work\osvidcompany-web-app-master\.next\server\chunks\ssr\_0scmgy~._.js:1:244260)
    at async Object.h [as getAuthHeaders] (C:\Users\Abolarinwa\Desktop\Website Work\Contract Work\osvidcompany-web-app-master\.next\server\chunks\ssr\_0scmgy~._.js:1:243944)
    at async p (C:\Users\Abolarinwa\Desktop\Website Work\Contract Work\osvidcompany-web-app-master\.next\server\chunks\ssr\_0scmgy~._.js:1:206001)
    at async Object.request (C:\Users\Abolarinwa\Desktop\Website Work\Contract Work\osvidcompany-web-app-master\.next\server\chunks\ssr\_0scmgy~._.js:1:208336)
    at async qo.execHttpCall (C:\Users\Abolarinwa\Desktop\Website Work\Contract Work\osvidcompany-web-app-master\.next\server\chunks\ssr\_0scmgy~._.js:16:69571)
    at async (C:\Users\Abolarinwa\Desktop\Website Work\Contract Work\osvidcompany-web-app-master\.next\server\chunks\ssr\_0scmgy~._.js:16:39528)
    at async pQ.withErrorHandling (C:\Users\Abolarinwa\Desktop\Website Work\Contract Work\osvidcompany-web-app-master\.next\server\chunks\ssr\_0scmgy~._.js:16:41337)
    at async (C:\Users\Abolarinwa\Desktop\Website Work\Contract Work\osvidcompany-web-app-master\.next\server\chunks\ssr\_0scmgy~._.js:16:58970)

[info]   Generating static pages using 7 workers (10/20) 

[info] Error: Dynamic server usage: Route /products couldn't be rendered statically because it used `cookies`. See more info here: https://nextjs.org/docs/messages/dynamic-server-error
    at y (C:\Users\Abolarinwa\Desktop\Website Work\Contract Work\osvidcompany-web-app-master\.next\server\chunks\ssr\_0scmgy~._.js:1:854608)
    at n (C:\Users\Abolarinwa\Desktop\Website Work\Contract Work\osvidcompany-web-app-master\.next\server\chunks\ssr\_0scmgy~._.js:4:8939)
    at UW (C:\Users\Abolarinwa\Desktop\Website Work\Contract Work\osvidcompany-web-app-master\.next\server\chunks\ssr\_0scmgy~._.js:16:1138396)
    at <unknown> (C:\Users\Abolarinwa\Desktop\Website Work\Contract Work\osvidcompany-web-app-master\.next\server\chunks\ssr\_0ttn5a1._.js:1:2391)
    at i (C:\Users\Abolarinwa\Desktop\Website Work\Contract Work\osvidcompany-web-app-master\.next\server\chunks\ssr\[root-of-the-server]__06460_2._.js:3:3708) {
  description: "Route /products couldn't be rendered statically because it used `cookies`. See more info here: https://nextjs.org/docs/messages/dynamic-server-error",
  digest: 'DYNAMIC_SERVER_USAGE'
}

[info] Error fetching product categories: Error: Failed to fetch tokens from OAuth API: Bad Request. request id: null. Response: {"message":"appRuntimeKeys [at index 0] is invalid:\n`-- appId is not a valid GUID","details":{"validationError":{"fieldViolations":[{"field":"appRuntimeKeys[0].appId","description":"is not a valid GUID","violatedRule":"FORMAT","data":{"type":"GUID"}}]}}}
    at eD (C:\Users\Abolarinwa\Desktop\Website Work\Contract Work\osvidcompany-web-app-master\.next\server\chunks\ssr\_0scmgy~._.js:1:243479)
    at async j (C:\Users\Abolarinwa\Desktop\Website Work\Contract Work\osvidcompany-web-app-master\.next\server\chunks\ssr\_0scmgy~._.js:1:244260)
    at async Object.h [as getAuthHeaders] (C:\Users\Abolarinwa\Desktop\Website Work\Contract Work\osvidcompany-web-app-master\.next\server\chunks\ssr\_0scmgy~._.js:1:243944)
    at async p (C:\Users\Abolarinwa\Desktop\Website Work\Contract Work\osvidcompany-web-app-master\.next\server\chunks\ssr\_0scmgy~._.js:1:206001)
    at async Object.request (C:\Users\Abolarinwa\Desktop\Website Work\Contract Work\osvidcompany-web-app-master\.next\server\chunks\ssr\_0scmgy~._.js:1:208336)
    at async qo.execHttpCall (C:\Users\Abolarinwa\Desktop\Website Work\Contract Work\osvidcompany-web-app-master\.next\server\chunks\ssr\_0scmgy~._.js:16:69571)
    at async (C:\Users\Abolarinwa\Desktop\Website Work\Contract Work\osvidcompany-web-app-master\.next\server\chunks\ssr\_0scmgy~._.js:16:39528)
    at async pQ.withErrorHandling (C:\Users\Abolarinwa\Desktop\Website Work\Contract Work\osvidcompany-web-app-master\.next\server\chunks\ssr\_0scmgy~._.js:16:41337)
    at async (C:\Users\Abolarinwa\Desktop\Website Work\Contract Work\osvidcompany-web-app-master\.next\server\chunks\ssr\_0scmgy~._.js:16:58970)

[info]   Generating static pages using 7 workers (15/20) 

[info] ✓ Generating static pages using 7 workers (20/20) in 4.2s

[info]   Finalizing page optimization ...

[info] 

[info] Route (app)
┌ ƒ /
├ ○ /_not-found
├ ƒ /about
├ ƒ /api
├ ƒ /api/auth/callback/wix
├ ƒ /api/checkout/create-payment-intent
├ ƒ /api/email
├ ƒ /api/maintenance
├ ƒ /api/payment/verify
├ ƒ /blog
├ ƒ /blog/[slug]
├ ○ /cart
├ ○ /checkout
├ ○ /contact
├ ○ /maintenance
├ ○ /opengraph-image.png
├ ○ /portfolio
├ ƒ /products
├ ƒ /products/[categorySlug]
├ ○ /services
├ ƒ /services/[slug]
├ ƒ /shop
└ ƒ /shop/[slug]


ƒ Proxy (Middleware)

[info] 
○  (Static)   prerendered as static content
ƒ  (Dynamic)  server-rendered on demand


[info] Building a Cloud Function to run this application. This is needed due to:
[info]  • middleware
[info]  • non-static component /(live)/about/page
[info]  • non-static component /(live)/blog/[slug]/page
[info]  • non-static component /(live)/blog/page
[info]  • non-static component /(live)/page
[debug] [2026-09-22T16:36:54.123Z]  • non-static component /(live)/products/[categorySlug]/page
[debug] [2026-09-22T16:36:54.123Z]  • non-static component /(live)/products/page
[debug] [2026-09-22T16:36:54.123Z]  • non-static component /(live)/services/[slug]/page
[debug] [2026-09-22T16:36:54.123Z]  • non-static component /(live)/shop/[slug]/page
[debug] [2026-09-22T16:36:54.123Z]  • non-static component /(live)/shop/page
[debug] [2026-09-22T16:36:54.123Z]  • non-static component /api/auth/callback/wix/route
[debug] [2026-09-22T16:36:54.123Z]  • non-static component /api/checkout/create-payment-intent/route
[debug] [2026-09-22T16:36:54.123Z]  • non-static component /api/email/route
[debug] [2026-09-22T16:36:54.123Z]  • non-static component /api/maintenance/route
[debug] [2026-09-22T16:36:54.123Z]  • non-static component /api/payment/verify/route
[debug] [2026-09-22T16:36:54.123Z]  • non-static component /api/route
[info] 
[debug] [2026-09-22T16:36:56.796Z] skipping /_global-error due to it matching an unsupported rewrite/redirect/header or middlware
[debug] [2026-09-22T16:36:56.797Z] skipping /_not-found due to it matching an unsupported rewrite/redirect/header or middlware
[debug] [2026-09-22T16:36:56.797Z] skipping /cart due to it matching an unsupported rewrite/redirect/header or middlware
[debug] [2026-09-22T16:36:56.797Z] skipping /checkout due to it matching an unsupported rewrite/redirect/header or middlware
[debug] [2026-09-22T16:36:56.797Z] skipping /contact due to it matching an unsupported rewrite/redirect/header or middlware
[debug] [2026-09-22T16:36:56.798Z] skipping /maintenance due to it matching an unsupported rewrite/redirect/header or middlware
[debug] [2026-09-22T16:36:56.799Z] skipping /opengraph-image.png due to it matching an unsupported rewrite/redirect/header or middlware
[debug] [2026-09-22T16:36:56.799Z] skipping /portfolio due to it matching an unsupported rewrite/redirect/header or middlware
[debug] [2026-09-22T16:36:56.799Z] skipping /services due to it matching an unsupported rewrite/redirect/header or middlware
[debug] [2026-09-22T16:36:56.799Z] skipping /404 due to it matching an unsupported rewrite/redirect/header or middlware
[debug] [2026-09-22T16:36:56.799Z] skipping /500 due to it matching an unsupported rewrite/redirect/header or middlware
[debug] [2026-09-22T16:37:05.423Z] Checked if tokens are valid: true, expires at: 1790097642088
[debug] [2026-09-22T16:37:05.423Z] Checked if tokens are valid: true, expires at: 1790097642088
[debug] [2026-09-22T16:37:05.423Z] >>> [apiv2][query] GET https://firebasehosting.googleapis.com/v1beta1/projects/osvid-9d4d6/sites/osvid-9d4d6 [none]
[debug] [2026-09-22T16:37:07.407Z] <<< [apiv2][status] GET https://firebasehosting.googleapis.com/v1beta1/projects/osvid-9d4d6/sites/osvid-9d4d6 200
[debug] [2026-09-22T16:37:07.407Z] <<< [apiv2][body] GET https://firebasehosting.googleapis.com/v1beta1/projects/osvid-9d4d6/sites/osvid-9d4d6 {"name":"projects/osvid-9d4d6/sites/osvid-9d4d6","defaultUrl":"https://osvid-9d4d6.web.app","type":"DEFAULT_SITE"}
[debug] [2026-09-22T16:37:13.042Z] Error: EPERM: operation not permitted, symlink 'C:\Users\Abolarinwa\Desktop\Website Work\Contract Work\osvidcompany-web-app-master\node_modules\prettier' -> 'C:\Users\Abolarinwa\Desktop\Website Work\Contract Work\osvidcompany-web-app-master\.firebase\osvid-9d4d6\functions\.next\node_modules\prettier-3c69a91af3bc4731'
[error] 
[error] Error: An unexpected error has occurred.
[debug] [2026-09-22T16:49:21.436Z] ----------------------------------------------------------------------
[debug] [2026-09-22T16:49:21.439Z] Command:       C:\Users\Abolarinwa\AppData\Local\Microsoft\WinGet\Packages\OpenJS.NodeJS.LTS_Microsoft.Winget.Source_8wekyb3d8bbwe\node-v24.18.0-win-x64\node.exe C:\Users\Abolarinwa\AppData\Local\Microsoft\WinGet\Packages\OpenJS.NodeJS.LTS_Microsoft.Winget.Source_8wekyb3d8bbwe\node-v24.18.0-win-x64\node_modules\firebase-tools\lib\bin\firebase.js deploy --project osvid-9d4d6 --only hosting:osvid
[debug] [2026-09-22T16:49:21.440Z] CLI Version:   15.30.2
[debug] [2026-09-22T16:49:21.440Z] Platform:      win32
[debug] [2026-09-22T16:49:21.440Z] Node Version:  v24.18.0
[debug] [2026-09-22T16:49:21.440Z] Detected Agent: antigravity
[debug] [2026-09-22T16:49:21.440Z] Time:          Tue Sep 22 2026 17:49:21 GMT+0100 (West Africa Time)
[debug] [2026-09-22T16:49:21.440Z] ----------------------------------------------------------------------
[debug] 
[debug] [2026-09-22T16:49:24.370Z] > command requires scopes: ["email","openid","https://www.googleapis.com/auth/cloudplatformprojects.readonly","https://www.googleapis.com/auth/firebase","https://www.googleapis.com/auth/cloud-platform"]
[debug] [2026-09-22T16:49:24.370Z] > authorizing via signed-in user (abolarinwaemmanuelfree@gmail.com)
[debug] [2026-09-22T16:49:24.370Z] [iam] checking project osvid-9d4d6 for permissions ["firebase.projects.get","firebasehosting.sites.update"]
[debug] [2026-09-22T16:49:24.406Z] Checked if tokens are valid: true, expires at: 1790097642088
[debug] [2026-09-22T16:49:24.406Z] Checked if tokens are valid: true, expires at: 1790097642088
[debug] [2026-09-22T16:49:24.408Z] >>> [apiv2][query] POST https://cloudresourcemanager.googleapis.com/v1/projects/osvid-9d4d6:testIamPermissions [none]
[debug] [2026-09-22T16:49:24.408Z] >>> [apiv2][(partial)header] POST https://cloudresourcemanager.googleapis.com/v1/projects/osvid-9d4d6:testIamPermissions  x-goog-user-project=osvid-9d4d6
[debug] [2026-09-22T16:49:24.408Z] >>> [apiv2][body] POST https://cloudresourcemanager.googleapis.com/v1/projects/osvid-9d4d6:testIamPermissions {"permissions":["firebase.projects.get","firebasehosting.sites.update"]}
[debug] [2026-09-22T16:49:30.831Z] <<< [apiv2][status] POST https://cloudresourcemanager.googleapis.com/v1/projects/osvid-9d4d6:testIamPermissions 200
[debug] [2026-09-22T16:49:30.831Z] <<< [apiv2][body] POST https://cloudresourcemanager.googleapis.com/v1/projects/osvid-9d4d6:testIamPermissions {"permissions":["firebase.projects.get","firebasehosting.sites.update"]}
[debug] [2026-09-22T16:49:30.832Z] Checked if tokens are valid: true, expires at: 1790097642088
[debug] [2026-09-22T16:49:30.832Z] Checked if tokens are valid: true, expires at: 1790097642088
[debug] [2026-09-22T16:49:30.833Z] >>> [apiv2][query] GET https://firebase.googleapis.com/v1beta1/projects/osvid-9d4d6 [none]
[debug] [2026-09-22T16:49:35.296Z] <<< [apiv2][status] GET https://firebase.googleapis.com/v1beta1/projects/osvid-9d4d6 200
[debug] [2026-09-22T16:49:35.297Z] <<< [apiv2][body] GET https://firebase.googleapis.com/v1beta1/projects/osvid-9d4d6 {"projectId":"osvid-9d4d6","projectNumber":"953662513555","displayName":"osvid","name":"projects/osvid-9d4d6","resources":{"hostingSite":"osvid-9d4d6"},"state":"ACTIVE","labels":{"firebase":"enabled"},"etag":"1_72e8625d-c3e0-4358-82e3-d2c3cdece371"}
[info] 
   Thank you for trying our early preview of Next.js support on Firebase Hosting.
   During the preview, support is best-effort and breaking changes can be expected. Proceed with caution.
   The integration is known to work with Next.js version 12 - 16.0. You may encounter errors.

   Documentation: https://firebase.google.com/docs/hosting/frameworks/nextjs
   File a bug: https://github.com/firebase/firebase-tools/issues/new?template=bug_report.md
   Submit a feature request: https://github.com/firebase/firebase-tools/issues/new?template=feature_request.md

   We'd love to learn from you. Express your interest in helping us shape the future of Firebase Hosting: https://goo.gle/41enW5X

[debug] [2026-09-22T16:49:47.495Z] Checked if tokens are valid: true, expires at: 1790097642088
[debug] [2026-09-22T16:49:47.495Z] Checked if tokens are valid: true, expires at: 1790097642088
[debug] [2026-09-22T16:49:47.495Z] >>> [apiv2][query] GET https://firebasehosting.googleapis.com/v1beta1/projects/osvid-9d4d6/sites/osvid-9d4d6 [none]
[debug] [2026-09-22T16:49:54.622Z] <<< [apiv2][status] GET https://firebasehosting.googleapis.com/v1beta1/projects/osvid-9d4d6/sites/osvid-9d4d6 200
[debug] [2026-09-22T16:49:54.622Z] <<< [apiv2][body] GET https://firebasehosting.googleapis.com/v1beta1/projects/osvid-9d4d6/sites/osvid-9d4d6 {"name":"projects/osvid-9d4d6/sites/osvid-9d4d6","defaultUrl":"https://osvid-9d4d6.web.app","type":"DEFAULT_SITE"}
[info] ▲ Next.js 16.2.3 (Turbopack)

[info] - Environments: .env.local


[info] ⚠ The "middleware" file convention is deprecated. Please use "proxy" instead. Learn more: https://nextjs.org/docs/messages/middleware-to-proxy

[info]   Creating an optimized production build ...

[info] ✓ Compiled successfully in 19.9s

[info]   Running TypeScript ...

[info]   Finished TypeScript in 14.0s ...

[info]   Collecting page data using 7 workers ...

[info]   Generating static pages using 7 workers (0/20) ...

[info] ⚠ metadataBase property in metadata export is not set for resolving social open graph or twitter images, using "http://localhost:3000". See https://nextjs.org/docs/app/api-reference/functions/generate-metadata#metadatabase

[info] Error: Dynamic server usage: Route /blog couldn't be rendered statically because it used `cookies`. See more info here: https://nextjs.org/docs/messages/dynamic-server-error
    at y (C:\Users\Abolarinwa\Desktop\Website Work\Contract Work\osvidcompany-web-app-master\.next\server\chunks\ssr\_0scmgy~._.js:1:854608)
    at n (C:\Users\Abolarinwa\Desktop\Website Work\Contract Work\osvidcompany-web-app-master\.next\server\chunks\ssr\_0scmgy~._.js:4:8939)
    at UW (C:\Users\Abolarinwa\Desktop\Website Work\Contract Work\osvidcompany-web-app-master\.next\server\chunks\ssr\_0scmgy~._.js:16:1138396)
    at <unknown> (C:\Users\Abolarinwa\Desktop\Website Work\Contract Work\osvidcompany-web-app-master\.next\server\chunks\ssr\[root-of-the-server]__0ult~z1._.js:1:3778)
    at g (C:\Users\Abolarinwa\Desktop\Website Work\Contract Work\osvidcompany-web-app-master\.next\server\chunks\ssr\[root-of-the-server]__0ult~z1._.js:1:8178) {
  description: "Route /blog couldn't be rendered statically because it used `cookies`. See more info here: https://nextjs.org/docs/messages/dynamic-server-error",
  digest: 'DYNAMIC_SERVER_USAGE'
}

[info] Error: Dynamic server usage: Route /blog couldn't be rendered statically because it used `cookies`. See more info here: https://nextjs.org/docs/messages/dynamic-server-error
    at y (C:\Users\Abolarinwa\Desktop\Website Work\Contract Work\osvidcompany-web-app-master\.next\server\chunks\ssr\_0scmgy~._.js:1:854608)
    at n (C:\Users\Abolarinwa\Desktop\Website Work\Contract Work\osvidcompany-web-app-master\.next\server\chunks\ssr\_0scmgy~._.js:4:8939)
    at UW (C:\Users\Abolarinwa\Desktop\Website Work\Contract Work\osvidcompany-web-app-master\.next\server\chunks\ssr\_0scmgy~._.js:16:1138396)
    at <unknown> (C:\Users\Abolarinwa\Desktop\Website Work\Contract Work\osvidcompany-web-app-master\.next\server\chunks\ssr\[root-of-the-server]__0ult~z1._.js:1:5696)
    at g (C:\Users\Abolarinwa\Desktop\Website Work\Contract Work\osvidcompany-web-app-master\.next\server\chunks\ssr\[root-of-the-server]__0ult~z1._.js:1:8205) {
  description: "Route /blog couldn't be rendered statically because it used `cookies`. See more info here: https://nextjs.org/docs/messages/dynamic-server-error",
  digest: 'DYNAMIC_SERVER_USAGE'
}

[info] Error: Dynamic server usage: Route /blog couldn't be rendered statically because it used `cookies`. See more info here: https://nextjs.org/docs/messages/dynamic-server-error
    at y (C:\Users\Abolarinwa\Desktop\Website Work\Contract Work\osvidcompany-web-app-master\.next\server\chunks\ssr\_0scmgy~._.js:1:854608)
    at n (C:\Users\Abolarinwa\Desktop\Website Work\Contract Work\osvidcompany-web-app-master\.next\server\chunks\ssr\_0scmgy~._.js:4:8939)
    at UW (C:\Users\Abolarinwa\Desktop\Website Work\Contract Work\osvidcompany-web-app-master\.next\server\chunks\ssr\_0scmgy~._.js:16:1138396)
    at <unknown> (C:\Users\Abolarinwa\Desktop\Website Work\Contract Work\osvidcompany-web-app-master\.next\server\chunks\ssr\[root-of-the-server]__0ult~z1._.js:1:6257)
    at g (C:\Users\Abolarinwa\Desktop\Website Work\Contract Work\osvidcompany-web-app-master\.next\server\chunks\ssr\[root-of-the-server]__0ult~z1._.js:1:8232) {
  description: "Route /blog couldn't be rendered statically because it used `cookies`. See more info here: https://nextjs.org/docs/messages/dynamic-server-error",
  digest: 'DYNAMIC_SERVER_USAGE'
}

[info]   Generating static pages using 7 workers (5/20) 

[info] Error fetching blog categories from custom collection: Error: Failed to fetch tokens from OAuth API: Bad Request. request id: null. Response: {"message":"appRuntimeKeys [at index 0] is invalid:\n`-- appId is not a valid GUID","details":{"validationError":{"fieldViolations":[{"field":"appRuntimeKeys[0].appId","description":"is not a valid GUID","violatedRule":"FORMAT","data":{"type":"GUID"}}]}}}
    at eD (C:\Users\Abolarinwa\Desktop\Website Work\Contract Work\osvidcompany-web-app-master\.next\server\chunks\ssr\_0scmgy~._.js:1:243479)
    at async j (C:\Users\Abolarinwa\Desktop\Website Work\Contract Work\osvidcompany-web-app-master\.next\server\chunks\ssr\_0scmgy~._.js:1:244260)
    at async Object.h [as getAuthHeaders] (C:\Users\Abolarinwa\Desktop\Website Work\Contract Work\osvidcompany-web-app-master\.next\server\chunks\ssr\_0scmgy~._.js:1:243944)
    at async p (C:\Users\Abolarinwa\Desktop\Website Work\Contract Work\osvidcompany-web-app-master\.next\server\chunks\ssr\_0scmgy~._.js:1:206001)
    at async Object.request (C:\Users\Abolarinwa\Desktop\Website Work\Contract Work\osvidcompany-web-app-master\.next\server\chunks\ssr\_0scmgy~._.js:1:208336)
    at async qo.execHttpCall (C:\Users\Abolarinwa\Desktop\Website Work\Contract Work\osvidcompany-web-app-master\.next\server\chunks\ssr\_0scmgy~._.js:16:69571)
    at async (C:\Users\Abolarinwa\Desktop\Website Work\Contract Work\osvidcompany-web-app-master\.next\server\chunks\ssr\_0scmgy~._.js:16:39528)
    at async pQ.withErrorHandling (C:\Users\Abolarinwa\Desktop\Website Work\Contract Work\osvidcompany-web-app-master\.next\server\chunks\ssr\_0scmgy~._.js:16:41337)
    at async (C:\Users\Abolarinwa\Desktop\Website Work\Contract Work\osvidcompany-web-app-master\.next\server\chunks\ssr\_0scmgy~._.js:16:58970)

[info] Error fetching recent blog posts (limit 5): Error: Failed to fetch tokens from OAuth API: Bad Request. request id: null. Response: {"message":"appRuntimeKeys [at index 0] is invalid:\n`-- appId is not a valid GUID","details":{"validationError":{"fieldViolations":[{"field":"appRuntimeKeys[0].appId","description":"is not a valid GUID","violatedRule":"FORMAT","data":{"type":"GUID"}}]}}}
    at eD (C:\Users\Abolarinwa\Desktop\Website Work\Contract Work\osvidcompany-web-app-master\.next\server\chunks\ssr\_0scmgy~._.js:1:243479)
    at async j (C:\Users\Abolarinwa\Desktop\Website Work\Contract Work\osvidcompany-web-app-master\.next\server\chunks\ssr\_0scmgy~._.js:1:244260)
    at async Object.h [as getAuthHeaders] (C:\Users\Abolarinwa\Desktop\Website Work\Contract Work\osvidcompany-web-app-master\.next\server\chunks\ssr\_0scmgy~._.js:1:243944)
    at async p (C:\Users\Abolarinwa\Desktop\Website Work\Contract Work\osvidcompany-web-app-master\.next\server\chunks\ssr\_0scmgy~._.js:1:206001)
    at async Object.request (C:\Users\Abolarinwa\Desktop\Website Work\Contract Work\osvidcompany-web-app-master\.next\server\chunks\ssr\_0scmgy~._.js:1:208336)
    at async qo.execHttpCall (C:\Users\Abolarinwa\Desktop\Website Work\Contract Work\osvidcompany-web-app-master\.next\server\chunks\ssr\_0scmgy~._.js:16:69571)
    at async (C:\Users\Abolarinwa\Desktop\Website Work\Contract Work\osvidcompany-web-app-master\.next\server\chunks\ssr\_0scmgy~._.js:16:39528)
    at async pQ.withErrorHandling (C:\Users\Abolarinwa\Desktop\Website Work\Contract Work\osvidcompany-web-app-master\.next\server\chunks\ssr\_0scmgy~._.js:16:41337)
    at async (C:\Users\Abolarinwa\Desktop\Website Work\Contract Work\osvidcompany-web-app-master\.next\server\chunks\ssr\_0scmgy~._.js:16:58970)

[info] Error fetching blog posts: Error: Failed to fetch tokens from OAuth API: Bad Request. request id: null. Response: {"message":"appRuntimeKeys [at index 0] is invalid:\n`-- appId is not a valid GUID","details":{"validationError":{"fieldViolations":[{"field":"appRuntimeKeys[0].appId","description":"is not a valid GUID","violatedRule":"FORMAT","data":{"type":"GUID"}}]}}}
    at eD (C:\Users\Abolarinwa\Desktop\Website Work\Contract Work\osvidcompany-web-app-master\.next\server\chunks\ssr\_0scmgy~._.js:1:243479)
    at async j (C:\Users\Abolarinwa\Desktop\Website Work\Contract Work\osvidcompany-web-app-master\.next\server\chunks\ssr\_0scmgy~._.js:1:244260)
    at async Object.h [as getAuthHeaders] (C:\Users\Abolarinwa\Desktop\Website Work\Contract Work\osvidcompany-web-app-master\.next\server\chunks\ssr\_0scmgy~._.js:1:243944)
    at async p (C:\Users\Abolarinwa\Desktop\Website Work\Contract Work\osvidcompany-web-app-master\.next\server\chunks\ssr\_0scmgy~._.js:1:206001)
    at async Object.request (C:\Users\Abolarinwa\Desktop\Website Work\Contract Work\osvidcompany-web-app-master\.next\server\chunks\ssr\_0scmgy~._.js:1:208336)
    at async qo.execHttpCall (C:\Users\Abolarinwa\Desktop\Website Work\Contract Work\osvidcompany-web-app-master\.next\server\chunks\ssr\_0scmgy~._.js:16:69571)
    at async (C:\Users\Abolarinwa\Desktop\Website Work\Contract Work\osvidcompany-web-app-master\.next\server\chunks\ssr\_0scmgy~._.js:16:39528)
    at async pQ.withErrorHandling (C:\Users\Abolarinwa\Desktop\Website Work\Contract Work\osvidcompany-web-app-master\.next\server\chunks\ssr\_0scmgy~._.js:16:41337)
    at async (C:\Users\Abolarinwa\Desktop\Website Work\Contract Work\osvidcompany-web-app-master\.next\server\chunks\ssr\_0scmgy~._.js:16:58970)

[info] Error: Dynamic server usage: Route / couldn't be rendered statically because it used `cookies`. See more info here: https://nextjs.org/docs/messages/dynamic-server-error
    at y (C:\Users\Abolarinwa\Desktop\Website Work\Contract Work\osvidcompany-web-app-master\.next\server\chunks\ssr\_0scmgy~._.js:1:854608)
    at n (C:\Users\Abolarinwa\Desktop\Website Work\Contract Work\osvidcompany-web-app-master\.next\server\chunks\ssr\_0scmgy~._.js:4:8939)
    at UW (C:\Users\Abolarinwa\Desktop\Website Work\Contract Work\osvidcompany-web-app-master\.next\server\chunks\ssr\_0scmgy~._.js:16:1138396)
    at <unknown> (C:\Users\Abolarinwa\Desktop\Website Work\Contract Work\osvidcompany-web-app-master\.next\server\chunks\ssr\[root-of-the-server]__0ult~z1._.js:1:5696)
    at e (C:\Users\Abolarinwa\Desktop\Website Work\Contract Work\osvidcompany-web-app-master\.next\server\chunks\ssr\[root-of-the-server]__0d.tdb4._.js:1:7267) {
  description: "Route / couldn't be rendered statically because it used `cookies`. See more info here: https://nextjs.org/docs/messages/dynamic-server-error",
  digest: 'DYNAMIC_SERVER_USAGE'
}

[info] Error: Dynamic server usage: Route / couldn't be rendered statically because it used `cookies`. See more info here: https://nextjs.org/docs/messages/dynamic-server-error
    at y (C:\Users\Abolarinwa\Desktop\Website Work\Contract Work\osvidcompany-web-app-master\.next\server\chunks\ssr\_0scmgy~._.js:1:854608)
    at n (C:\Users\Abolarinwa\Desktop\Website Work\Contract Work\osvidcompany-web-app-master\.next\server\chunks\ssr\_0scmgy~._.js:4:8939)
    at UW (C:\Users\Abolarinwa\Desktop\Website Work\Contract Work\osvidcompany-web-app-master\.next\server\chunks\ssr\_0scmgy~._.js:16:1138396)
    at <unknown> (C:\Users\Abolarinwa\Desktop\Website Work\Contract Work\osvidcompany-web-app-master\.next\server\chunks\ssr\[root-of-the-server]__0ult~z1._.js:1:6257)
    at e (C:\Users\Abolarinwa\Desktop\Website Work\Contract Work\osvidcompany-web-app-master\.next\server\chunks\ssr\[root-of-the-server]__0d.tdb4._.js:1:7294) {
  description: "Route / couldn't be rendered statically because it used `cookies`. See more info here: https://nextjs.org/docs/messages/dynamic-server-error",
  digest: 'DYNAMIC_SERVER_USAGE'
}

[info] Error fetching recent blog posts (limit 3): Error: Failed to fetch tokens from OAuth API: Bad Request. request id: null. Response: {"message":"appRuntimeKeys [at index 0] is invalid:\n`-- appId is not a valid GUID","details":{"validationError":{"fieldViolations":[{"field":"appRuntimeKeys[0].appId","description":"is not a valid GUID","violatedRule":"FORMAT","data":{"type":"GUID"}}]}}}
    at eD (C:\Users\Abolarinwa\Desktop\Website Work\Contract Work\osvidcompany-web-app-master\.next\server\chunks\ssr\_0scmgy~._.js:1:243479)
    at async j (C:\Users\Abolarinwa\Desktop\Website Work\Contract Work\osvidcompany-web-app-master\.next\server\chunks\ssr\_0scmgy~._.js:1:244260)
    at async Object.h [as getAuthHeaders] (C:\Users\Abolarinwa\Desktop\Website Work\Contract Work\osvidcompany-web-app-master\.next\server\chunks\ssr\_0scmgy~._.js:1:243944)
    at async p (C:\Users\Abolarinwa\Desktop\Website Work\Contract Work\osvidcompany-web-app-master\.next\server\chunks\ssr\_0scmgy~._.js:1:206001)
    at async Object.request (C:\Users\Abolarinwa\Desktop\Website Work\Contract Work\osvidcompany-web-app-master\.next\server\chunks\ssr\_0scmgy~._.js:1:208336)
    at async qo.execHttpCall (C:\Users\Abolarinwa\Desktop\Website Work\Contract Work\osvidcompany-web-app-master\.next\server\chunks\ssr\_0scmgy~._.js:16:69571)
    at async (C:\Users\Abolarinwa\Desktop\Website Work\Contract Work\osvidcompany-web-app-master\.next\server\chunks\ssr\_0scmgy~._.js:16:39528)
    at async pQ.withErrorHandling (C:\Users\Abolarinwa\Desktop\Website Work\Contract Work\osvidcompany-web-app-master\.next\server\chunks\ssr\_0scmgy~._.js:16:41337)
    at async (C:\Users\Abolarinwa\Desktop\Website Work\Contract Work\osvidcompany-web-app-master\.next\server\chunks\ssr\_0scmgy~._.js:16:58970)

[info] Error fetching blog categories from custom collection: Error: Failed to fetch tokens from OAuth API: Bad Request. request id: null. Response: {"message":"appRuntimeKeys [at index 0] is invalid:\n`-- appId is not a valid GUID","details":{"validationError":{"fieldViolations":[{"field":"appRuntimeKeys[0].appId","description":"is not a valid GUID","violatedRule":"FORMAT","data":{"type":"GUID"}}]}}}
    at eD (C:\Users\Abolarinwa\Desktop\Website Work\Contract Work\osvidcompany-web-app-master\.next\server\chunks\ssr\_0scmgy~._.js:1:243479)
    at async j (C:\Users\Abolarinwa\Desktop\Website Work\Contract Work\osvidcompany-web-app-master\.next\server\chunks\ssr\_0scmgy~._.js:1:244260)
    at async Object.h [as getAuthHeaders] (C:\Users\Abolarinwa\Desktop\Website Work\Contract Work\osvidcompany-web-app-master\.next\server\chunks\ssr\_0scmgy~._.js:1:243944)
    at async p (C:\Users\Abolarinwa\Desktop\Website Work\Contract Work\osvidcompany-web-app-master\.next\server\chunks\ssr\_0scmgy~._.js:1:206001)
    at async Object.request (C:\Users\Abolarinwa\Desktop\Website Work\Contract Work\osvidcompany-web-app-master\.next\server\chunks\ssr\_0scmgy~._.js:1:208336)
    at async qo.execHttpCall (C:\Users\Abolarinwa\Desktop\Website Work\Contract Work\osvidcompany-web-app-master\.next\server\chunks\ssr\_0scmgy~._.js:16:69571)
    at async (C:\Users\Abolarinwa\Desktop\Website Work\Contract Work\osvidcompany-web-app-master\.next\server\chunks\ssr\_0scmgy~._.js:16:39528)
    at async pQ.withErrorHandling (C:\Users\Abolarinwa\Desktop\Website Work\Contract Work\osvidcompany-web-app-master\.next\server\chunks\ssr\_0scmgy~._.js:16:41337)
    at async (C:\Users\Abolarinwa\Desktop\Website Work\Contract Work\osvidcompany-web-app-master\.next\server\chunks\ssr\_0scmgy~._.js:16:58970)

[info]   Generating static pages using 7 workers (10/20) 

[info] Error: Dynamic server usage: Route /products couldn't be rendered statically because it used `cookies`. See more info here: https://nextjs.org/docs/messages/dynamic-server-error
    at y (C:\Users\Abolarinwa\Desktop\Website Work\Contract Work\osvidcompany-web-app-master\.next\server\chunks\ssr\_0scmgy~._.js:1:854608)
    at n (C:\Users\Abolarinwa\Desktop\Website Work\Contract Work\osvidcompany-web-app-master\.next\server\chunks\ssr\_0scmgy~._.js:4:8939)
    at UW (C:\Users\Abolarinwa\Desktop\Website Work\Contract Work\osvidcompany-web-app-master\.next\server\chunks\ssr\_0scmgy~._.js:16:1138396)
    at <unknown> (C:\Users\Abolarinwa\Desktop\Website Work\Contract Work\osvidcompany-web-app-master\.next\server\chunks\ssr\[root-of-the-server]__06460_2._.js:1:3897)
    at i (C:\Users\Abolarinwa\Desktop\Website Work\Contract Work\osvidcompany-web-app-master\.next\server\chunks\ssr\[root-of-the-server]__06460_2._.js:3:3708) {
  description: "Route /products couldn't be rendered statically because it used `cookies`. See more info here: https://nextjs.org/docs/messages/dynamic-server-error",
  digest: 'DYNAMIC_SERVER_USAGE'
}

[info] Error fetching product categories: Error: Failed to fetch tokens from OAuth API: Bad Request. request id: null. Response: {"message":"appRuntimeKeys [at index 0] is invalid:\n`-- appId is not a valid GUID","details":{"validationError":{"fieldViolations":[{"field":"appRuntimeKeys[0].appId","description":"is not a valid GUID","violatedRule":"FORMAT","data":{"type":"GUID"}}]}}}
    at eD (C:\Users\Abolarinwa\Desktop\Website Work\Contract Work\osvidcompany-web-app-master\.next\server\chunks\ssr\_0scmgy~._.js:1:243479)
    at async j (C:\Users\Abolarinwa\Desktop\Website Work\Contract Work\osvidcompany-web-app-master\.next\server\chunks\ssr\_0scmgy~._.js:1:244260)
    at async Object.h [as getAuthHeaders] (C:\Users\Abolarinwa\Desktop\Website Work\Contract Work\osvidcompany-web-app-master\.next\server\chunks\ssr\_0scmgy~._.js:1:243944)
    at async p (C:\Users\Abolarinwa\Desktop\Website Work\Contract Work\osvidcompany-web-app-master\.next\server\chunks\ssr\_0scmgy~._.js:1:206001)
    at async Object.request (C:\Users\Abolarinwa\Desktop\Website Work\Contract Work\osvidcompany-web-app-master\.next\server\chunks\ssr\_0scmgy~._.js:1:208336)
    at async qo.execHttpCall (C:\Users\Abolarinwa\Desktop\Website Work\Contract Work\osvidcompany-web-app-master\.next\server\chunks\ssr\_0scmgy~._.js:16:69571)
    at async (C:\Users\Abolarinwa\Desktop\Website Work\Contract Work\osvidcompany-web-app-master\.next\server\chunks\ssr\_0scmgy~._.js:16:39528)
    at async pQ.withErrorHandling (C:\Users\Abolarinwa\Desktop\Website Work\Contract Work\osvidcompany-web-app-master\.next\server\chunks\ssr\_0scmgy~._.js:16:41337)
    at async (C:\Users\Abolarinwa\Desktop\Website Work\Contract Work\osvidcompany-web-app-master\.next\server\chunks\ssr\_0scmgy~._.js:16:58970)

[info]   Generating static pages using 7 workers (15/20) 

[info] ✓ Generating static pages using 7 workers (20/20) in 4.6s

[info]   Finalizing page optimization ...

[info] 

[info] Route (app)
┌ ƒ /
├ ○ /_not-found
├ ƒ /about
├ ƒ /api
├ ƒ /api/auth/callback/wix
├ ƒ /api/checkout/create-payment-intent
├ ƒ /api/email
├ ƒ /api/maintenance
├ ƒ /api/payment/verify
├ ƒ /blog
├ ƒ /blog/[slug]
├ ○ /cart
├ ○ /checkout
├ ○ /contact
├ ○ /maintenance
├ ○ /opengraph-image.png
├ ○ /portfolio
├ ƒ /products
├ ƒ /products/[categorySlug]
├ ○ /services
├ ƒ /services/[slug]
├ ƒ /shop
└ ƒ /shop/[slug]


ƒ Proxy (Middleware)

[info] 
○  (Static)   prerendered as static content
ƒ  (Dynamic)  server-rendered on demand


[info] Building a Cloud Function to run this application. This is needed due to:
[info]  • middleware
[info]  • non-static component /(live)/about/page
[info]  • non-static component /(live)/blog/[slug]/page
[info]  • non-static component /(live)/blog/page
[info]  • non-static component /(live)/page
[debug] [2026-09-22T16:50:42.360Z]  • non-static component /(live)/products/[categorySlug]/page
[debug] [2026-09-22T16:50:42.360Z]  • non-static component /(live)/products/page
[debug] [2026-09-22T16:50:42.360Z]  • non-static component /(live)/services/[slug]/page
[debug] [2026-09-22T16:50:42.360Z]  • non-static component /(live)/shop/[slug]/page
[debug] [2026-09-22T16:50:42.360Z]  • non-static component /(live)/shop/page
[debug] [2026-09-22T16:50:42.361Z]  • non-static component /api/auth/callback/wix/route
[debug] [2026-09-22T16:50:42.361Z]  • non-static component /api/checkout/create-payment-intent/route
[debug] [2026-09-22T16:50:42.361Z]  • non-static component /api/email/route
[debug] [2026-09-22T16:50:42.361Z]  • non-static component /api/maintenance/route
[debug] [2026-09-22T16:50:42.361Z]  • non-static component /api/payment/verify/route
[debug] [2026-09-22T16:50:42.361Z]  • non-static component /api/route
[info]  • and 11 other reasons, use --debug to see more
[info] 
[debug] [2026-09-22T16:50:44.337Z] skipping /_global-error due to it matching an unsupported rewrite/redirect/header or middlware
[debug] [2026-09-22T16:50:44.337Z] skipping /_not-found due to it matching an unsupported rewrite/redirect/header or middlware
[debug] [2026-09-22T16:50:44.337Z] skipping /cart due to it matching an unsupported rewrite/redirect/header or middlware
[debug] [2026-09-22T16:50:44.337Z] skipping /checkout due to it matching an unsupported rewrite/redirect/header or middlware
[debug] [2026-09-22T16:50:44.337Z] skipping /contact due to it matching an unsupported rewrite/redirect/header or middlware
[debug] [2026-09-22T16:50:44.338Z] skipping /maintenance due to it matching an unsupported rewrite/redirect/header or middlware
[debug] [2026-09-22T16:50:44.338Z] skipping /opengraph-image.png due to it matching an unsupported rewrite/redirect/header or middlware
[debug] [2026-09-22T16:50:44.338Z] skipping /portfolio due to it matching an unsupported rewrite/redirect/header or middlware
[debug] [2026-09-22T16:50:44.338Z] skipping /services due to it matching an unsupported rewrite/redirect/header or middlware
[debug] [2026-09-22T16:50:44.338Z] skipping /404 due to it matching an unsupported rewrite/redirect/header or middlware
[debug] [2026-09-22T16:50:44.338Z] skipping /500 due to it matching an unsupported rewrite/redirect/header or middlware
[debug] [2026-09-22T16:50:49.940Z] Checked if tokens are valid: true, expires at: 1790097642088
[debug] [2026-09-22T16:50:49.940Z] Checked if tokens are valid: true, expires at: 1790097642088
[debug] [2026-09-22T16:50:49.940Z] >>> [apiv2][query] GET https://firebasehosting.googleapis.com/v1beta1/projects/osvid-9d4d6/sites/osvid-9d4d6 [none]
[debug] [2026-09-22T16:50:52.020Z] <<< [apiv2][status] GET https://firebasehosting.googleapis.com/v1beta1/projects/osvid-9d4d6/sites/osvid-9d4d6 200
[debug] [2026-09-22T16:50:52.020Z] <<< [apiv2][body] GET https://firebasehosting.googleapis.com/v1beta1/projects/osvid-9d4d6/sites/osvid-9d4d6 {"name":"projects/osvid-9d4d6/sites/osvid-9d4d6","defaultUrl":"https://osvid-9d4d6.web.app","type":"DEFAULT_SITE"}
[debug] [2026-09-22T16:50:56.734Z] Error: EPERM: operation not permitted, symlink 'C:\Users\Abolarinwa\Desktop\Website Work\Contract Work\osvidcompany-web-app-master\node_modules\prettier' -> 'C:\Users\Abolarinwa\Desktop\Website Work\Contract Work\osvidcompany-web-app-master\.firebase\osvid\functions\.next\node_modules\prettier-3c69a91af3bc4731'
[debug] [2026-09-22T16:52:51.461Z] ----------------------------------------------------------------------
[debug] [2026-09-22T16:52:51.466Z] Command:       C:\Users\Abolarinwa\AppData\Local\Microsoft\WinGet\Packages\OpenJS.NodeJS.LTS_Microsoft.Winget.Source_8wekyb3d8bbwe\node-v24.18.0-win-x64\node.exe C:\Users\Abolarinwa\AppData\Local\Microsoft\WinGet\Packages\OpenJS.NodeJS.LTS_Microsoft.Winget.Source_8wekyb3d8bbwe\node-v24.18.0-win-x64\node_modules\firebase-tools\lib\bin\firebase.js deploy --only hosting:osvid --debug
[debug] [2026-09-22T16:52:51.466Z] CLI Version:   15.30.2
[debug] [2026-09-22T16:52:51.467Z] Platform:      win32
[debug] [2026-09-22T16:52:51.467Z] Node Version:  v24.18.0
[debug] [2026-09-22T16:52:51.468Z] Detected Agent: antigravity
[debug] [2026-09-22T16:52:51.469Z] Time:          Tue Sep 22 2026 17:52:51 GMT+0100 (West Africa Time)
[debug] [2026-09-22T16:52:51.469Z] ----------------------------------------------------------------------
[debug] 
[debug] [2026-09-22T16:52:54.532Z] > command requires scopes: ["email","openid","https://www.googleapis.com/auth/cloudplatformprojects.readonly","https://www.googleapis.com/auth/firebase","https://www.googleapis.com/auth/cloud-platform"]
[debug] [2026-09-22T16:52:54.533Z] > authorizing via signed-in user (abolarinwaemmanuelfree@gmail.com)
[debug] [2026-09-22T16:52:54.533Z] [iam] checking project osvid-9d4d6 for permissions ["firebase.projects.get","firebasehosting.sites.update"]
[debug] [2026-09-22T16:52:54.556Z] Checked if tokens are valid: true, expires at: 1790097642088
[debug] [2026-09-22T16:52:54.556Z] Checked if tokens are valid: true, expires at: 1790097642088
[debug] [2026-09-22T16:52:54.559Z] >>> [apiv2][query] POST https://cloudresourcemanager.googleapis.com/v1/projects/osvid-9d4d6:testIamPermissions [none]
[debug] [2026-09-22T16:52:54.559Z] >>> [apiv2][(partial)header] POST https://cloudresourcemanager.googleapis.com/v1/projects/osvid-9d4d6:testIamPermissions  x-goog-user-project=osvid-9d4d6
[debug] [2026-09-22T16:52:54.560Z] >>> [apiv2][body] POST https://cloudresourcemanager.googleapis.com/v1/projects/osvid-9d4d6:testIamPermissions {"permissions":["firebase.projects.get","firebasehosting.sites.update"]}
[debug] [2026-09-22T16:52:59.916Z] <<< [apiv2][status] POST https://cloudresourcemanager.googleapis.com/v1/projects/osvid-9d4d6:testIamPermissions 200
[debug] [2026-09-22T16:52:59.916Z] <<< [apiv2][body] POST https://cloudresourcemanager.googleapis.com/v1/projects/osvid-9d4d6:testIamPermissions {"permissions":["firebase.projects.get","firebasehosting.sites.update"]}
[debug] [2026-09-22T16:52:59.918Z] Checked if tokens are valid: true, expires at: 1790097642088
[debug] [2026-09-22T16:52:59.918Z] Checked if tokens are valid: true, expires at: 1790097642088
[debug] [2026-09-22T16:52:59.919Z] >>> [apiv2][query] GET https://firebase.googleapis.com/v1beta1/projects/osvid-9d4d6 [none]
[debug] [2026-09-22T16:53:07.336Z] <<< [apiv2][status] GET https://firebase.googleapis.com/v1beta1/projects/osvid-9d4d6 200
[debug] [2026-09-22T16:53:07.336Z] <<< [apiv2][body] GET https://firebase.googleapis.com/v1beta1/projects/osvid-9d4d6 {"projectId":"osvid-9d4d6","projectNumber":"953662513555","displayName":"osvid","name":"projects/osvid-9d4d6","resources":{"hostingSite":"osvid-9d4d6"},"state":"ACTIVE","labels":{"firebase":"enabled"},"etag":"1_72e8625d-c3e0-4358-82e3-d2c3cdece371"}
[info] 
   Thank you for trying our early preview of Next.js support on Firebase Hosting.
   During the preview, support is best-effort and breaking changes can be expected. Proceed with caution.
   The integration is known to work with Next.js version 12 - 16.0. You may encounter errors.

   Documentation: https://firebase.google.com/docs/hosting/frameworks/nextjs
   File a bug: https://github.com/firebase/firebase-tools/issues/new?template=bug_report.md
   Submit a feature request: https://github.com/firebase/firebase-tools/issues/new?template=feature_request.md

   We'd love to learn from you. Express your interest in helping us shape the future of Firebase Hosting: https://goo.gle/41enW5X

[debug] [2026-09-22T16:53:21.902Z] Checked if tokens are valid: true, expires at: 1790097642088
[debug] [2026-09-22T16:53:21.902Z] Checked if tokens are valid: true, expires at: 1790097642088
[debug] [2026-09-22T16:53:21.903Z] >>> [apiv2][query] GET https://firebasehosting.googleapis.com/v1beta1/projects/osvid-9d4d6/sites/osvid-9d4d6 [none]
[debug] [2026-09-22T16:53:28.098Z] <<< [apiv2][status] GET https://firebasehosting.googleapis.com/v1beta1/projects/osvid-9d4d6/sites/osvid-9d4d6 200
[debug] [2026-09-22T16:53:28.099Z] <<< [apiv2][body] GET https://firebasehosting.googleapis.com/v1beta1/projects/osvid-9d4d6/sites/osvid-9d4d6 {"name":"projects/osvid-9d4d6/sites/osvid-9d4d6","defaultUrl":"https://osvid-9d4d6.web.app","type":"DEFAULT_SITE"}
[info] ▲ Next.js 16.2.3 (Turbopack)

[info] - Environments: .env.local

[info] 

[info] ⚠ The "middleware" file convention is deprecated. Please use "proxy" instead. Learn more: https://nextjs.org/docs/messages/middleware-to-proxy

[info]   Creating an optimized production build ...

[info] 

[info] [0.97ms] [@tailwindcss/postcss] node_modules\keen-slider\keen-slider.min.css
[0.89ms]   ↳ Quick bail check


[info] 

[info] [0.36ms] [@tailwindcss/postcss] fonts\clashdisplay_427185d0.module.css
[0.32ms]   ↳ Quick bail check


[info] 

[info] [0.13ms] [@tailwindcss/postcss] fonts\raleway_46ebaac2.module.css
[0.09ms]   ↳ Quick bail check


[info] 

[info] [0.06ms] [@tailwindcss/postcss] node_modules\swiper\modules\effect-fade.css
[0.04ms]   ↳ Quick bail check


[info] 

[info] [0.47ms] [@tailwindcss/postcss] node_modules\swiper\swiper.css

[info] [0.37ms]   ↳ Quick bail check


[info] 

[info] [0.13ms] [@tailwindcss/postcss] node_modules\swiper\modules\pagination.css
[0.09ms]   ↳ Quick bail check


[info] 

[info] [3689.34ms] [@tailwindcss/postcss] app\globals.css
[   0.27ms]   ↳ Quick bail check
[ 502.83ms]   ↳ Setup compiler
[   1.75ms]     ↳ PostCSS AST -> Tailwind CSS AST
[ 500.97ms]     ↳ Create compiler
[   0.79ms]   ↳ Register full rebuild paths
[   5.95ms]   ↳ Setup scanner
[2919.07ms]   ↳ Scan for candidates
[  31.43ms]   ↳ Register dependency messages
[ 111.40ms]   ↳ Build utilities
[ 107.15ms]   ↳ Optimization
[   4.72ms]     ↳ AST -> CSS
[  74.76ms]     ↳ Lightning CSS
[  27.55ms]     ↳ CSS -> PostCSS AST

[info] [   9.05ms]   ↳ Update PostCSS AST


[info] ✓ Compiled successfully in 19.4s

[info]   Running TypeScript ...

[info]   Finished TypeScript in 15.4s ...

[info]   Collecting page data using 7 workers ...

[info]   Generating static pages using 7 workers (0/20) ...

[info] ⚠ metadataBase property in metadata export is not set for resolving social open graph or twitter images, using "http://localhost:3000". See https://nextjs.org/docs/app/api-reference/functions/generate-metadata#metadatabase

[info] Error: Dynamic server usage: Route /blog couldn't be rendered statically because it used `cookies`. See more info here: https://nextjs.org/docs/messages/dynamic-server-error
    at y (C:\Users\Abolarinwa\Desktop\Website Work\Contract Work\osvidcompany-web-app-master\.next\server\chunks\ssr\_0scmgy~._.js:1:854608)
    at n (C:\Users\Abolarinwa\Desktop\Website Work\Contract Work\osvidcompany-web-app-master\.next\server\chunks\ssr\_0scmgy~._.js:4:8939)
    at UW (C:\Users\Abolarinwa\Desktop\Website Work\Contract Work\osvidcompany-web-app-master\.next\server\chunks\ssr\_0scmgy~._.js:16:1138396)
    at <unknown> (C:\Users\Abolarinwa\Desktop\Website Work\Contract Work\osvidcompany-web-app-master\.next\server\chunks\ssr\[root-of-the-server]__0ult~z1._.js:1:3778)
    at g (C:\Users\Abolarinwa\Desktop\Website Work\Contract Work\osvidcompany-web-app-master\.next\server\chunks\ssr\[root-of-the-server]__0ult~z1._.js:1:8178) {
  description: "Route /blog couldn't be rendered statically because it used `cookies`. See more info here: https://nextjs.org/docs/messages/dynamic-server-error",
  digest: 'DYNAMIC_SERVER_USAGE'
}

[info] Error: Dynamic server usage: Route /blog couldn't be rendered statically because it used `cookies`. See more info here: https://nextjs.org/docs/messages/dynamic-server-error
    at y (C:\Users\Abolarinwa\Desktop\Website Work\Contract Work\osvidcompany-web-app-master\.next\server\chunks\ssr\_0scmgy~._.js:1:854608)
    at n (C:\Users\Abolarinwa\Desktop\Website Work\Contract Work\osvidcompany-web-app-master\.next\server\chunks\ssr\_0scmgy~._.js:4:8939)
    at UW (C:\Users\Abolarinwa\Desktop\Website Work\Contract Work\osvidcompany-web-app-master\.next\server\chunks\ssr\_0scmgy~._.js:16:1138396)
    at <unknown> (C:\Users\Abolarinwa\Desktop\Website Work\Contract Work\osvidcompany-web-app-master\.next\server\chunks\ssr\[root-of-the-server]__0ult~z1._.js:1:5696)
    at g (C:\Users\Abolarinwa\Desktop\Website Work\Contract Work\osvidcompany-web-app-master\.next\server\chunks\ssr\[root-of-the-server]__0ult~z1._.js:1:8205) {
  description: "Route /blog couldn't be rendered statically because it used `cookies`. See more info here: https://nextjs.org/docs/messages/dynamic-server-error",
  digest: 'DYNAMIC_SERVER_USAGE'
}

[info] Error: Dynamic server usage: Route /blog couldn't be rendered statically because it used `cookies`. See more info here: https://nextjs.org/docs/messages/dynamic-server-error
    at y (C:\Users\Abolarinwa\Desktop\Website Work\Contract Work\osvidcompany-web-app-master\.next\server\chunks\ssr\_0scmgy~._.js:1:854608)
    at n (C:\Users\Abolarinwa\Desktop\Website Work\Contract Work\osvidcompany-web-app-master\.next\server\chunks\ssr\_0scmgy~._.js:4:8939)
    at UW (C:\Users\Abolarinwa\Desktop\Website Work\Contract Work\osvidcompany-web-app-master\.next\server\chunks\ssr\_0scmgy~._.js:16:1138396)
    at <unknown> (C:\Users\Abolarinwa\Desktop\Website Work\Contract Work\osvidcompany-web-app-master\.next\server\chunks\ssr\[root-of-the-server]__0ult~z1._.js:1:6257)
    at g (C:\Users\Abolarinwa\Desktop\Website Work\Contract Work\osvidcompany-web-app-master\.next\server\chunks\ssr\[root-of-the-server]__0ult~z1._.js:1:8232) {
  description: "Route /blog couldn't be rendered statically because it used `cookies`. See more info here: https://nextjs.org/docs/messages/dynamic-server-error",
  digest: 'DYNAMIC_SERVER_USAGE'
}

[info]   Generating static pages using 7 workers (5/20) 

[info] Error fetching blog posts: Error: Failed to fetch tokens from OAuth API: Bad Request. request id: null. Response: {"message":"appRuntimeKeys [at index 0] is invalid:\n`-- appId is not a valid GUID","details":{"validationError":{"fieldViolations":[{"field":"appRuntimeKeys[0].appId","description":"is not a valid GUID","violatedRule":"FORMAT","data":{"type":"GUID"}}]}}}
    at eD (C:\Users\Abolarinwa\Desktop\Website Work\Contract Work\osvidcompany-web-app-master\.next\server\chunks\ssr\_0scmgy~._.js:1:243479)
    at async j (C:\Users\Abolarinwa\Desktop\Website Work\Contract Work\osvidcompany-web-app-master\.next\server\chunks\ssr\_0scmgy~._.js:1:244260)
    at async Object.h [as getAuthHeaders] (C:\Users\Abolarinwa\Desktop\Website Work\Contract Work\osvidcompany-web-app-master\.next\server\chunks\ssr\_0scmgy~._.js:1:243944)
    at async p (C:\Users\Abolarinwa\Desktop\Website Work\Contract Work\osvidcompany-web-app-master\.next\server\chunks\ssr\_0scmgy~._.js:1:206001)
    at async Object.request (C:\Users\Abolarinwa\Desktop\Website Work\Contract Work\osvidcompany-web-app-master\.next\server\chunks\ssr\_0scmgy~._.js:1:208336)
    at async qo.execHttpCall (C:\Users\Abolarinwa\Desktop\Website Work\Contract Work\osvidcompany-web-app-master\.next\server\chunks\ssr\_0scmgy~._.js:16:69571)
    at async (C:\Users\Abolarinwa\Desktop\Website Work\Contract Work\osvidcompany-web-app-master\.next\server\chunks\ssr\_0scmgy~._.js:16:39528)
    at async pQ.withErrorHandling (C:\Users\Abolarinwa\Desktop\Website Work\Contract Work\osvidcompany-web-app-master\.next\server\chunks\ssr\_0scmgy~._.js:16:41337)
    at async (C:\Users\Abolarinwa\Desktop\Website Work\Contract Work\osvidcompany-web-app-master\.next\server\chunks\ssr\_0scmgy~._.js:16:58970)

[info] Error fetching recent blog posts (limit 5): Error: Failed to fetch tokens from OAuth API: Bad Request. request id: null. Response: {"message":"appRuntimeKeys [at index 0] is invalid:\n`-- appId is not a valid GUID","details":{"validationError":{"fieldViolations":[{"field":"appRuntimeKeys[0].appId","description":"is not a valid GUID","violatedRule":"FORMAT","data":{"type":"GUID"}}]}}}
    at eD (C:\Users\Abolarinwa\Desktop\Website Work\Contract Work\osvidcompany-web-app-master\.next\server\chunks\ssr\_0scmgy~._.js:1:243479)
    at async j (C:\Users\Abolarinwa\Desktop\Website Work\Contract Work\osvidcompany-web-app-master\.next\server\chunks\ssr\_0scmgy~._.js:1:244260)
    at async Object.h [as getAuthHeaders] (C:\Users\Abolarinwa\Desktop\Website Work\Contract Work\osvidcompany-web-app-master\.next\server\chunks\ssr\_0scmgy~._.js:1:243944)
    at async p (C:\Users\Abolarinwa\Desktop\Website Work\Contract Work\osvidcompany-web-app-master\.next\server\chunks\ssr\_0scmgy~._.js:1:206001)
    at async Object.request (C:\Users\Abolarinwa\Desktop\Website Work\Contract Work\osvidcompany-web-app-master\.next\server\chunks\ssr\_0scmgy~._.js:1:208336)
    at async qo.execHttpCall (C:\Users\Abolarinwa\Desktop\Website Work\Contract Work\osvidcompany-web-app-master\.next\server\chunks\ssr\_0scmgy~._.js:16:69571)
    at async (C:\Users\Abolarinwa\Desktop\Website Work\Contract Work\osvidcompany-web-app-master\.next\server\chunks\ssr\_0scmgy~._.js:16:39528)
    at async pQ.withErrorHandling (C:\Users\Abolarinwa\Desktop\Website Work\Contract Work\osvidcompany-web-app-master\.next\server\chunks\ssr\_0scmgy~._.js:16:41337)
    at async (C:\Users\Abolarinwa\Desktop\Website Work\Contract Work\osvidcompany-web-app-master\.next\server\chunks\ssr\_0scmgy~._.js:16:58970)

[info] Error fetching blog categories from custom collection: Error: Failed to fetch tokens from OAuth API: Bad Request. request id: null. Response: {"message":"appRuntimeKeys [at index 0] is invalid:\n`-- appId is not a valid GUID","details":{"validationError":{"fieldViolations":[{"field":"appRuntimeKeys[0].appId","description":"is not a valid GUID","violatedRule":"FORMAT","data":{"type":"GUID"}}]}}}
    at eD (C:\Users\Abolarinwa\Desktop\Website Work\Contract Work\osvidcompany-web-app-master\.next\server\chunks\ssr\_0scmgy~._.js:1:243479)
    at async j (C:\Users\Abolarinwa\Desktop\Website Work\Contract Work\osvidcompany-web-app-master\.next\server\chunks\ssr\_0scmgy~._.js:1:244260)
    at async Object.h [as getAuthHeaders] (C:\Users\Abolarinwa\Desktop\Website Work\Contract Work\osvidcompany-web-app-master\.next\server\chunks\ssr\_0scmgy~._.js:1:243944)
    at async p (C:\Users\Abolarinwa\Desktop\Website Work\Contract Work\osvidcompany-web-app-master\.next\server\chunks\ssr\_0scmgy~._.js:1:206001)
    at async Object.request (C:\Users\Abolarinwa\Desktop\Website Work\Contract Work\osvidcompany-web-app-master\.next\server\chunks\ssr\_0scmgy~._.js:1:208336)
    at async qo.execHttpCall (C:\Users\Abolarinwa\Desktop\Website Work\Contract Work\osvidcompany-web-app-master\.next\server\chunks\ssr\_0scmgy~._.js:16:69571)
    at async (C:\Users\Abolarinwa\Desktop\Website Work\Contract Work\osvidcompany-web-app-master\.next\server\chunks\ssr\_0scmgy~._.js:16:39528)
    at async pQ.withErrorHandling (C:\Users\Abolarinwa\Desktop\Website Work\Contract Work\osvidcompany-web-app-master\.next\server\chunks\ssr\_0scmgy~._.js:16:41337)
    at async (C:\Users\Abolarinwa\Desktop\Website Work\Contract Work\osvidcompany-web-app-master\.next\server\chunks\ssr\_0scmgy~._.js:16:58970)

[info] Error: Dynamic server usage: Route / couldn't be rendered statically because it used `cookies`. See more info here: https://nextjs.org/docs/messages/dynamic-server-error
    at y (C:\Users\Abolarinwa\Desktop\Website Work\Contract Work\osvidcompany-web-app-master\.next\server\chunks\ssr\_0scmgy~._.js:1:854608)
    at n (C:\Users\Abolarinwa\Desktop\Website Work\Contract Work\osvidcompany-web-app-master\.next\server\chunks\ssr\_0scmgy~._.js:4:8939)
    at UW (C:\Users\Abolarinwa\Desktop\Website Work\Contract Work\osvidcompany-web-app-master\.next\server\chunks\ssr\_0scmgy~._.js:16:1138396)
    at <unknown> (C:\Users\Abolarinwa\Desktop\Website Work\Contract Work\osvidcompany-web-app-master\.next\server\chunks\ssr\[root-of-the-server]__0ult~z1._.js:1:5696)
    at e (C:\Users\Abolarinwa\Desktop\Website Work\Contract Work\osvidcompany-web-app-master\.next\server\chunks\ssr\[root-of-the-server]__0d.tdb4._.js:1:7267) {
  description: "Route / couldn't be rendered statically because it used `cookies`. See more info here: https://nextjs.org/docs/messages/dynamic-server-error",
  digest: 'DYNAMIC_SERVER_USAGE'
}

[info] Error: Dynamic server usage: Route / couldn't be rendered statically because it used `cookies`. See more info here: https://nextjs.org/docs/messages/dynamic-server-error
    at y (C:\Users\Abolarinwa\Desktop\Website Work\Contract Work\osvidcompany-web-app-master\.next\server\chunks\ssr\_0scmgy~._.js:1:854608)
    at n (C:\Users\Abolarinwa\Desktop\Website Work\Contract Work\osvidcompany-web-app-master\.next\server\chunks\ssr\_0scmgy~._.js:4:8939)
    at UW (C:\Users\Abolarinwa\Desktop\Website Work\Contract Work\osvidcompany-web-app-master\.next\server\chunks\ssr\_0scmgy~._.js:16:1138396)
    at <unknown> (C:\Users\Abolarinwa\Desktop\Website Work\Contract Work\osvidcompany-web-app-master\.next\server\chunks\ssr\[root-of-the-server]__0ult~z1._.js:1:6257)
    at e (C:\Users\Abolarinwa\Desktop\Website Work\Contract Work\osvidcompany-web-app-master\.next\server\chunks\ssr\[root-of-the-server]__0d.tdb4._.js:1:7294) {
  description: "Route / couldn't be rendered statically because it used `cookies`. See more info here: https://nextjs.org/docs/messages/dynamic-server-error",
  digest: 'DYNAMIC_SERVER_USAGE'
}

[info] Error fetching recent blog posts (limit 3): Error: Failed to fetch tokens from OAuth API: Bad Request. request id: null. Response: {"message":"appRuntimeKeys [at index 0] is invalid:\n`-- appId is not a valid GUID","details":{"validationError":{"fieldViolations":[{"field":"appRuntimeKeys[0].appId","description":"is not a valid GUID","violatedRule":"FORMAT","data":{"type":"GUID"}}]}}}
    at eD (C:\Users\Abolarinwa\Desktop\Website Work\Contract Work\osvidcompany-web-app-master\.next\server\chunks\ssr\_0scmgy~._.js:1:243479)
    at async j (C:\Users\Abolarinwa\Desktop\Website Work\Contract Work\osvidcompany-web-app-master\.next\server\chunks\ssr\_0scmgy~._.js:1:244260)
    at async Object.h [as getAuthHeaders] (C:\Users\Abolarinwa\Desktop\Website Work\Contract Work\osvidcompany-web-app-master\.next\server\chunks\ssr\_0scmgy~._.js:1:243944)
    at async p (C:\Users\Abolarinwa\Desktop\Website Work\Contract Work\osvidcompany-web-app-master\.next\server\chunks\ssr\_0scmgy~._.js:1:206001)
    at async Object.request (C:\Users\Abolarinwa\Desktop\Website Work\Contract Work\osvidcompany-web-app-master\.next\server\chunks\ssr\_0scmgy~._.js:1:208336)
    at async qo.execHttpCall (C:\Users\Abolarinwa\Desktop\Website Work\Contract Work\osvidcompany-web-app-master\.next\server\chunks\ssr\_0scmgy~._.js:16:69571)
    at async (C:\Users\Abolarinwa\Desktop\Website Work\Contract Work\osvidcompany-web-app-master\.next\server\chunks\ssr\_0scmgy~._.js:16:39528)
    at async pQ.withErrorHandling (C:\Users\Abolarinwa\Desktop\Website Work\Contract Work\osvidcompany-web-app-master\.next\server\chunks\ssr\_0scmgy~._.js:16:41337)
    at async (C:\Users\Abolarinwa\Desktop\Website Work\Contract Work\osvidcompany-web-app-master\.next\server\chunks\ssr\_0scmgy~._.js:16:58970)

[info] Error fetching blog categories from custom collection: Error: Failed to fetch tokens from OAuth API: Bad Request. request id: null. Response: {"message":"appRuntimeKeys [at index 0] is invalid:\n`-- appId is not a valid GUID","details":{"validationError":{"fieldViolations":[{"field":"appRuntimeKeys[0].appId","description":"is not a valid GUID","violatedRule":"FORMAT","data":{"type":"GUID"}}]}}}
    at eD (C:\Users\Abolarinwa\Desktop\Website Work\Contract Work\osvidcompany-web-app-master\.next\server\chunks\ssr\_0scmgy~._.js:1:243479)
    at async j (C:\Users\Abolarinwa\Desktop\Website Work\Contract Work\osvidcompany-web-app-master\.next\server\chunks\ssr\_0scmgy~._.js:1:244260)
    at async Object.h [as getAuthHeaders] (C:\Users\Abolarinwa\Desktop\Website Work\Contract Work\osvidcompany-web-app-master\.next\server\chunks\ssr\_0scmgy~._.js:1:243944)
    at async p (C:\Users\Abolarinwa\Desktop\Website Work\Contract Work\osvidcompany-web-app-master\.next\server\chunks\ssr\_0scmgy~._.js:1:206001)
    at async Object.request (C:\Users\Abolarinwa\Desktop\Website Work\Contract Work\osvidcompany-web-app-master\.next\server\chunks\ssr\_0scmgy~._.js:1:208336)
    at async qo.execHttpCall (C:\Users\Abolarinwa\Desktop\Website Work\Contract Work\osvidcompany-web-app-master\.next\server\chunks\ssr\_0scmgy~._.js:16:69571)
    at async (C:\Users\Abolarinwa\Desktop\Website Work\Contract Work\osvidcompany-web-app-master\.next\server\chunks\ssr\_0scmgy~._.js:16:39528)
    at async pQ.withErrorHandling (C:\Users\Abolarinwa\Desktop\Website Work\Contract Work\osvidcompany-web-app-master\.next\server\chunks\ssr\_0scmgy~._.js:16:41337)
    at async (C:\Users\Abolarinwa\Desktop\Website Work\Contract Work\osvidcompany-web-app-master\.next\server\chunks\ssr\_0scmgy~._.js:16:58970)

[info]   Generating static pages using 7 workers (10/20) 

[info] Error: Dynamic server usage: Route /products couldn't be rendered statically because it used `cookies`. See more info here: https://nextjs.org/docs/messages/dynamic-server-error
    at y (C:\Users\Abolarinwa\Desktop\Website Work\Contract Work\osvidcompany-web-app-master\.next\server\chunks\ssr\_0scmgy~._.js:1:854608)
    at n (C:\Users\Abolarinwa\Desktop\Website Work\Contract Work\osvidcompany-web-app-master\.next\server\chunks\ssr\_0scmgy~._.js:4:8939)
    at UW (C:\Users\Abolarinwa\Desktop\Website Work\Contract Work\osvidcompany-web-app-master\.next\server\chunks\ssr\_0scmgy~._.js:16:1138396)
    at <unknown> (C:\Users\Abolarinwa\Desktop\Website Work\Contract Work\osvidcompany-web-app-master\.next\server\chunks\ssr\[root-of-the-server]__06460_2._.js:1:3897)
    at i (C:\Users\Abolarinwa\Desktop\Website Work\Contract Work\osvidcompany-web-app-master\.next\server\chunks\ssr\[root-of-the-server]__06460_2._.js:3:3708) {
  description: "Route /products couldn't be rendered statically because it used `cookies`. See more info here: https://nextjs.org/docs/messages/dynamic-server-error",
  digest: 'DYNAMIC_SERVER_USAGE'
}

[info] Error fetching product categories: Error: Failed to fetch tokens from OAuth API: Bad Request. request id: null. Response: {"message":"appRuntimeKeys [at index 0] is invalid:\n`-- appId is not a valid GUID","details":{"validationError":{"fieldViolations":[{"field":"appRuntimeKeys[0].appId","description":"is not a valid GUID","violatedRule":"FORMAT","data":{"type":"GUID"}}]}}}
    at eD (C:\Users\Abolarinwa\Desktop\Website Work\Contract Work\osvidcompany-web-app-master\.next\server\chunks\ssr\_0scmgy~._.js:1:243479)
    at async j (C:\Users\Abolarinwa\Desktop\Website Work\Contract Work\osvidcompany-web-app-master\.next\server\chunks\ssr\_0scmgy~._.js:1:244260)
    at async Object.h [as getAuthHeaders] (C:\Users\Abolarinwa\Desktop\Website Work\Contract Work\osvidcompany-web-app-master\.next\server\chunks\ssr\_0scmgy~._.js:1:243944)
    at async p (C:\Users\Abolarinwa\Desktop\Website Work\Contract Work\osvidcompany-web-app-master\.next\server\chunks\ssr\_0scmgy~._.js:1:206001)
    at async Object.request (C:\Users\Abolarinwa\Desktop\Website Work\Contract Work\osvidcompany-web-app-master\.next\server\chunks\ssr\_0scmgy~._.js:1:208336)
    at async qo.execHttpCall (C:\Users\Abolarinwa\Desktop\Website Work\Contract Work\osvidcompany-web-app-master\.next\server\chunks\ssr\_0scmgy~._.js:16:69571)
    at async (C:\Users\Abolarinwa\Desktop\Website Work\Contract Work\osvidcompany-web-app-master\.next\server\chunks\ssr\_0scmgy~._.js:16:39528)
    at async pQ.withErrorHandling (C:\Users\Abolarinwa\Desktop\Website Work\Contract Work\osvidcompany-web-app-master\.next\server\chunks\ssr\_0scmgy~._.js:16:41337)
    at async (C:\Users\Abolarinwa\Desktop\Website Work\Contract Work\osvidcompany-web-app-master\.next\server\chunks\ssr\_0scmgy~._.js:16:58970)

[info]   Generating static pages using 7 workers (15/20) 

[info] ✓ Generating static pages using 7 workers (20/20) in 4.3s

[info]   Finalizing page optimization ...

[info] 

[info] Route (app)
┌ ƒ /
├ ○ /_not-found
├ ƒ /about
├ ƒ /api
├ ƒ /api/auth/callback/wix
├ ƒ /api/checkout/create-payment-intent
├ ƒ /api/email
├ ƒ /api/maintenance
├ ƒ /api/payment/verify
├ ƒ /blog
├ ƒ /blog/[slug]
├ ○ /cart
├ ○ /checkout
├ ○ /contact
├ ○ /maintenance
├ ○ /opengraph-image.png
├ ○ /portfolio
├ ƒ /products
├ ƒ /products/[categorySlug]
├ ○ /services
├ ƒ /services/[slug]
├ ƒ /shop
└ ƒ /shop/[slug]


ƒ Proxy (Middleware)

[info] 
○  (Static)   prerendered as static content
ƒ  (Dynamic)  server-rendered on demand


[info] Building a Cloud Function to run this application. This is needed due to:
[info]  • middleware
[info]  • non-static component /(live)/about/page
[info]  • non-static component /(live)/blog/[slug]/page
[info]  • non-static component /(live)/blog/page
[info]  • non-static component /(live)/page
[debug] [2026-09-22T16:54:16.775Z]  • non-static component /(live)/products/[categorySlug]/page
[debug] [2026-09-22T16:54:16.775Z]  • non-static component /(live)/products/page
[debug] [2026-09-22T16:54:16.776Z]  • non-static component /(live)/services/[slug]/page
[debug] [2026-09-22T16:54:16.776Z]  • non-static component /(live)/shop/[slug]/page
[debug] [2026-09-22T16:54:16.776Z]  • non-static component /(live)/shop/page
[debug] [2026-09-22T16:54:16.776Z]  • non-static component /api/auth/callback/wix/route
[debug] [2026-09-22T16:54:16.776Z]  • non-static component /api/checkout/create-payment-intent/route
[debug] [2026-09-22T16:54:16.776Z]  • non-static component /api/email/route
[debug] [2026-09-22T16:54:16.776Z]  • non-static component /api/maintenance/route
[debug] [2026-09-22T16:54:16.776Z]  • non-static component /api/payment/verify/route
[debug] [2026-09-22T16:54:16.776Z]  • non-static component /api/route
[info] 
[debug] [2026-09-22T16:54:18.937Z] skipping /_global-error due to it matching an unsupported rewrite/redirect/header or middlware
[debug] [2026-09-22T16:54:18.938Z] skipping /_not-found due to it matching an unsupported rewrite/redirect/header or middlware
[debug] [2026-09-22T16:54:18.938Z] skipping /cart due to it matching an unsupported rewrite/redirect/header or middlware
[debug] [2026-09-22T16:54:18.938Z] skipping /checkout due to it matching an unsupported rewrite/redirect/header or middlware
[debug] [2026-09-22T16:54:18.938Z] skipping /contact due to it matching an unsupported rewrite/redirect/header or middlware
[debug] [2026-09-22T16:54:18.939Z] skipping /maintenance due to it matching an unsupported rewrite/redirect/header or middlware
[debug] [2026-09-22T16:54:18.940Z] skipping /opengraph-image.png due to it matching an unsupported rewrite/redirect/header or middlware
[debug] [2026-09-22T16:54:18.940Z] skipping /portfolio due to it matching an unsupported rewrite/redirect/header or middlware
[debug] [2026-09-22T16:54:18.940Z] skipping /services due to it matching an unsupported rewrite/redirect/header or middlware
[debug] [2026-09-22T16:54:18.940Z] skipping /404 due to it matching an unsupported rewrite/redirect/header or middlware
[debug] [2026-09-22T16:54:18.941Z] skipping /500 due to it matching an unsupported rewrite/redirect/header or middlware
[debug] [2026-09-22T16:54:27.239Z] Checked if tokens are valid: true, expires at: 1790097642088
[debug] [2026-09-22T16:54:27.239Z] Checked if tokens are valid: true, expires at: 1790097642088
[debug] [2026-09-22T16:54:27.240Z] >>> [apiv2][query] GET https://firebasehosting.googleapis.com/v1beta1/projects/osvid-9d4d6/sites/osvid-9d4d6 [none]
[debug] [2026-09-22T16:54:28.784Z] <<< [apiv2][status] GET https://firebasehosting.googleapis.com/v1beta1/projects/osvid-9d4d6/sites/osvid-9d4d6 200
[debug] [2026-09-22T16:54:28.784Z] <<< [apiv2][body] GET https://firebasehosting.googleapis.com/v1beta1/projects/osvid-9d4d6/sites/osvid-9d4d6 {"name":"projects/osvid-9d4d6/sites/osvid-9d4d6","defaultUrl":"https://osvid-9d4d6.web.app","type":"DEFAULT_SITE"}
[debug] [2026-09-22T16:54:33.686Z] Error: EPERM: operation not permitted, symlink 'C:\Users\Abolarinwa\Desktop\Website Work\Contract Work\osvidcompany-web-app-master\node_modules\prettier' -> 'C:\Users\Abolarinwa\Desktop\Website Work\Contract Work\osvidcompany-web-app-master\.firebase\osvid\functions\.next\node_modules\prettier-3c69a91af3bc4731'
[debug] [2026-09-22T17:00:54.542Z] ----------------------------------------------------------------------
[debug] [2026-09-22T17:00:54.547Z] Command:       C:\Users\Abolarinwa\AppData\Local\Microsoft\WinGet\Packages\OpenJS.NodeJS.LTS_Microsoft.Winget.Source_8wekyb3d8bbwe\node-v24.18.0-win-x64\node.exe C:\Users\Abolarinwa\AppData\Local\Microsoft\WinGet\Packages\OpenJS.NodeJS.LTS_Microsoft.Winget.Source_8wekyb3d8bbwe\node-v24.18.0-win-x64\node_modules\firebase-tools\lib\bin\firebase.js experiments:disable webframeworks
[debug] [2026-09-22T17:00:54.548Z] CLI Version:   15.30.2
[debug] [2026-09-22T17:00:54.548Z] Platform:      win32
[debug] [2026-09-22T17:00:54.548Z] Node Version:  v24.18.0
[debug] [2026-09-22T17:00:54.549Z] Detected Agent: antigravity
[debug] [2026-09-22T17:00:54.549Z] Time:          Tue Sep 22 2026 18:00:54 GMT+0100 (West Africa Time)
[debug] [2026-09-22T17:00:54.549Z] ----------------------------------------------------------------------
[debug] 
[info] Disabled experiment webframeworks
[debug] [2026-09-22T17:01:01.545Z] Error: Timed out.
    at Timeout.<anonymous> (C:\Users\Abolarinwa\AppData\Local\Microsoft\WinGet\Packages\OpenJS.NodeJS.LTS_Microsoft.Winget.Source_8wekyb3d8bbwe\node-v24.18.0-win-x64\node_modules\firebase-tools\lib\utils.js:299:49)
    at listOnTimeout (node:internal/timers:605:17)
    at process.processTimers (node:internal/timers:541:7)
[error] 
[error] Error: An unexpected error has occurred.
